model,abbrev,logloss,auc,False_Positive_Rate,True_Positive_Rate
Random Trees and Logistic Regression,RT + LR,0.1250534184595359,0.8431986946593293,0.0,0.0
Random Trees and Logistic Regression,RT + LR,0.1250534184595359,0.8431986946593293,0.002,0.018
Random Trees and Logistic Regression,RT + LR,0.1250534184595359,0.8431986946593293,0.002,0.018
Random Trees and Logistic Regression,RT + LR,0.1250534184595359,0.8431986946593293,0.008,0.066
Random Trees and Logistic Regression,RT + LR,0.1250534184595359,0.8431986946593293,0.017,0.132
Random Trees and Logistic Regression,RT + LR,0.1250534184595359,0.8431986946593293,0.02,0.152
Random Trees and Logistic Regression,RT + LR,0.1250534184595359,0.8431986946593293,0.023,0.174
Random Trees and Logistic Regression,RT + LR,0.1250534184595359,0.8431986946593293,0.024,0.177
Random Trees and Logistic Regression,RT + LR,0.1250534184595359,0.8431986946593293,0.024,0.177
Random Trees and Logistic Regression,RT + LR,0.1250534184595359,0.8431986946593293,0.026,0.182
Random Trees and Logistic Regression,RT + LR,0.1250534184595359,0.8431986946593293,0.033,0.22
Random Trees and Logistic Regression,RT + LR,0.1250534184595359,0.8431986946593293,0.037,0.254
Random Trees and Logistic Regression,RT + LR,0.1250534184595359,0.8431986946593293,0.041,0.272
Random Trees and Logistic Regression,RT + LR,0.1250534184595359,0.8431986946593293,0.045,0.29
Random Trees and Logistic Regression,RT + LR,0.1250534184595359,0.8431986946593293,0.045,0.292
Random Trees and Logistic Regression,RT + LR,0.1250534184595359,0.8431986946593293,0.046,0.293
Random Trees and Logistic Regression,RT + LR,0.1250534184595359,0.8431986946593293,0.047,0.297
Random Trees and Logistic Regression,RT + LR,0.1250534184595359,0.8431986946593293,0.064,0.36
Random Trees and Logistic Regression,RT + LR,0.1250534184595359,0.8431986946593293,0.065,0.369
Random Trees and Logistic Regression,RT + LR,0.1250534184595359,0.8431986946593293,0.069,0.381
Random Trees and Logistic Regression,RT + LR,0.1250534184595359,0.8431986946593293,0.069,0.383
Random Trees and Logistic Regression,RT + LR,0.1250534184595359,0.8431986946593293,0.073,0.39
Random Trees and Logistic Regression,RT + LR,0.1250534184595359,0.8431986946593293,0.083,0.447
Random Trees and Logistic Regression,RT + LR,0.1250534184595359,0.8431986946593293,0.086,0.46
Random Trees and Logistic Regression,RT + LR,0.1250534184595359,0.8431986946593293,0.086,0.46
Random Trees and Logistic Regression,RT + LR,0.1250534184595359,0.8431986946593293,0.087,0.463
Random Trees and Logistic Regression,RT + LR,0.1250534184595359,0.8431986946593293,0.088,0.463
Random Trees and Logistic Regression,RT + LR,0.1250534184595359,0.8431986946593293,0.09,0.47
Random Trees and Logistic Regression,RT + LR,0.1250534184595359,0.8431986946593293,0.1,0.517
Random Trees and Logistic Regression,RT + LR,0.1250534184595359,0.8431986946593293,0.103,0.53
Random Trees and Logistic Regression,RT + LR,0.1250534184595359,0.8431986946593293,0.106,0.535
Random Trees and Logistic Regression,RT + LR,0.1250534184595359,0.8431986946593293,0.106,0.535
Random Trees and Logistic Regression,RT + LR,0.1250534184595359,0.8431986946593293,0.109,0.538
Random Trees and Logistic Regression,RT + LR,0.1250534184595359,0.8431986946593293,0.111,0.546
Random Trees and Logistic Regression,RT + LR,0.1250534184595359,0.8431986946593293,0.114,0.565
Random Trees and Logistic Regression,RT + LR,0.1250534184595359,0.8431986946593293,0.117,0.576
Random Trees and Logistic Regression,RT + LR,0.1250534184595359,0.8431986946593293,0.124,0.606
Random Trees and Logistic Regression,RT + LR,0.1250534184595359,0.8431986946593293,0.148,0.676
Random Trees and Logistic Regression,RT + LR,0.1250534184595359,0.8431986946593293,0.149,0.676
Random Trees and Logistic Regression,RT + LR,0.1250534184595359,0.8431986946593293,0.152,0.691
Random Trees and Logistic Regression,RT + LR,0.1250534184595359,0.8431986946593293,0.152,0.691
Random Trees and Logistic Regression,RT + LR,0.1250534184595359,0.8431986946593293,0.153,0.691
Random Trees and Logistic Regression,RT + LR,0.1250534184595359,0.8431986946593293,0.155,0.699
Random Trees and Logistic Regression,RT + LR,0.1250534184595359,0.8431986946593293,0.157,0.703
Random Trees and Logistic Regression,RT + LR,0.1250534184595359,0.8431986946593293,0.157,0.703
Random Trees and Logistic Regression,RT + LR,0.1250534184595359,0.8431986946593293,0.157,0.705
Random Trees and Logistic Regression,RT + LR,0.1250534184595359,0.8431986946593293,0.158,0.705
Random Trees and Logistic Regression,RT + LR,0.1250534184595359,0.8431986946593293,0.158,0.705
Random Trees and Logistic Regression,RT + LR,0.1250534184595359,0.8431986946593293,0.158,0.707
Random Trees and Logistic Regression,RT + LR,0.1250534184595359,0.8431986946593293,0.162,0.71
Random Trees and Logistic Regression,RT + LR,0.1250534184595359,0.8431986946593293,0.164,0.71
Random Trees and Logistic Regression,RT + LR,0.1250534184595359,0.8431986946593293,0.172,0.716
Random Trees and Logistic Regression,RT + LR,0.1250534184595359,0.8431986946593293,0.183,0.728
Random Trees and Logistic Regression,RT + LR,0.1250534184595359,0.8431986946593293,0.186,0.733
Random Trees and Logistic Regression,RT + LR,0.1250534184595359,0.8431986946593293,0.194,0.741
Random Trees and Logistic Regression,RT + LR,0.1250534184595359,0.8431986946593293,0.197,0.746
Random Trees and Logistic Regression,RT + LR,0.1250534184595359,0.8431986946593293,0.198,0.746
Random Trees and Logistic Regression,RT + LR,0.1250534184595359,0.8431986946593293,0.2,0.753
Random Trees and Logistic Regression,RT + LR,0.1250534184595359,0.8431986946593293,0.201,0.755
Random Trees and Logistic Regression,RT + LR,0.1250534184595359,0.8431986946593293,0.204,0.757
Random Trees and Logistic Regression,RT + LR,0.1250534184595359,0.8431986946593293,0.224,0.778
Random Trees and Logistic Regression,RT + LR,0.1250534184595359,0.8431986946593293,0.228,0.789
Random Trees and Logistic Regression,RT + LR,0.1250534184595359,0.8431986946593293,0.231,0.791
Random Trees and Logistic Regression,RT + LR,0.1250534184595359,0.8431986946593293,0.239,0.796
Random Trees and Logistic Regression,RT + LR,0.1250534184595359,0.8431986946593293,0.242,0.8
Random Trees and Logistic Regression,RT + LR,0.1250534184595359,0.8431986946593293,0.247,0.801
Random Trees and Logistic Regression,RT + LR,0.1250534184595359,0.8431986946593293,0.251,0.812
Random Trees and Logistic Regression,RT + LR,0.1250534184595359,0.8431986946593293,0.252,0.812
Random Trees and Logistic Regression,RT + LR,0.1250534184595359,0.8431986946593293,0.254,0.812
Random Trees and Logistic Regression,RT + LR,0.1250534184595359,0.8431986946593293,0.257,0.814
Random Trees and Logistic Regression,RT + LR,0.1250534184595359,0.8431986946593293,0.297,0.853
Random Trees and Logistic Regression,RT + LR,0.1250534184595359,0.8431986946593293,0.297,0.855
Random Trees and Logistic Regression,RT + LR,0.1250534184595359,0.8431986946593293,0.297,0.855
Random Trees and Logistic Regression,RT + LR,0.1250534184595359,0.8431986946593293,0.3,0.855
Random Trees and Logistic Regression,RT + LR,0.1250534184595359,0.8431986946593293,0.307,0.857
Random Trees and Logistic Regression,RT + LR,0.1250534184595359,0.8431986946593293,0.308,0.857
Random Trees and Logistic Regression,RT + LR,0.1250534184595359,0.8431986946593293,0.353,0.871
Random Trees and Logistic Regression,RT + LR,0.1250534184595359,0.8431986946593293,0.36,0.88
Random Trees and Logistic Regression,RT + LR,0.1250534184595359,0.8431986946593293,0.361,0.88
Random Trees and Logistic Regression,RT + LR,0.1250534184595359,0.8431986946593293,0.366,0.884
Random Trees and Logistic Regression,RT + LR,0.1250534184595359,0.8431986946593293,0.366,0.884
Random Trees and Logistic Regression,RT + LR,0.1250534184595359,0.8431986946593293,0.37,0.887
Random Trees and Logistic Regression,RT + LR,0.1250534184595359,0.8431986946593293,0.393,0.893
Random Trees and Logistic Regression,RT + LR,0.1250534184595359,0.8431986946593293,0.395,0.893
Random Trees and Logistic Regression,RT + LR,0.1250534184595359,0.8431986946593293,0.395,0.893
Random Trees and Logistic Regression,RT + LR,0.1250534184595359,0.8431986946593293,0.396,0.893
Random Trees and Logistic Regression,RT + LR,0.1250534184595359,0.8431986946593293,0.418,0.9
Random Trees and Logistic Regression,RT + LR,0.1250534184595359,0.8431986946593293,0.422,0.909
Random Trees and Logistic Regression,RT + LR,0.1250534184595359,0.8431986946593293,0.423,0.909
Random Trees and Logistic Regression,RT + LR,0.1250534184595359,0.8431986946593293,0.425,0.911
Random Trees and Logistic Regression,RT + LR,0.1250534184595359,0.8431986946593293,0.435,0.911
Random Trees and Logistic Regression,RT + LR,0.1250534184595359,0.8431986946593293,0.448,0.918
Random Trees and Logistic Regression,RT + LR,0.1250534184595359,0.8431986946593293,0.45,0.918
Random Trees and Logistic Regression,RT + LR,0.1250534184595359,0.8431986946593293,0.46,0.919
Random Trees and Logistic Regression,RT + LR,0.1250534184595359,0.8431986946593293,0.469,0.921
Random Trees and Logistic Regression,RT + LR,0.1250534184595359,0.8431986946593293,0.469,0.921
Random Trees and Logistic Regression,RT + LR,0.1250534184595359,0.8431986946593293,0.572,0.95
Random Trees and Logistic Regression,RT + LR,0.1250534184595359,0.8431986946593293,0.574,0.95
Random Trees and Logistic Regression,RT + LR,0.1250534184595359,0.8431986946593293,0.589,0.953
Random Trees and Logistic Regression,RT + LR,0.1250534184595359,0.8431986946593293,0.594,0.953
Random Trees and Logistic Regression,RT + LR,0.1250534184595359,0.8431986946593293,0.594,0.953
Random Trees and Logistic Regression,RT + LR,0.1250534184595359,0.8431986946593293,0.6,0.953
Random Trees and Logistic Regression,RT + LR,0.1250534184595359,0.8431986946593293,0.603,0.953
Random Trees and Logistic Regression,RT + LR,0.1250534184595359,0.8431986946593293,0.603,0.953
Random Trees and Logistic Regression,RT + LR,0.1250534184595359,0.8431986946593293,0.603,0.953
Random Trees and Logistic Regression,RT + LR,0.1250534184595359,0.8431986946593293,0.604,0.955
Random Trees and Logistic Regression,RT + LR,0.1250534184595359,0.8431986946593293,0.612,0.957
Random Trees and Logistic Regression,RT + LR,0.1250534184595359,0.8431986946593293,0.612,0.957
Random Trees and Logistic Regression,RT + LR,0.1250534184595359,0.8431986946593293,0.612,0.957
Random Trees and Logistic Regression,RT + LR,0.1250534184595359,0.8431986946593293,0.612,0.957
Random Trees and Logistic Regression,RT + LR,0.1250534184595359,0.8431986946593293,0.618,0.957
Random Trees and Logistic Regression,RT + LR,0.1250534184595359,0.8431986946593293,0.618,0.957
Random Trees and Logistic Regression,RT + LR,0.1250534184595359,0.8431986946593293,0.648,0.968
Random Trees and Logistic Regression,RT + LR,0.1250534184595359,0.8431986946593293,0.649,0.968
Random Trees and Logistic Regression,RT + LR,0.1250534184595359,0.8431986946593293,0.649,0.968
Random Trees and Logistic Regression,RT + LR,0.1250534184595359,0.8431986946593293,0.65,0.968
Random Trees and Logistic Regression,RT + LR,0.1250534184595359,0.8431986946593293,0.651,0.968
Random Trees and Logistic Regression,RT + LR,0.1250534184595359,0.8431986946593293,0.657,0.97
Random Trees and Logistic Regression,RT + LR,0.1250534184595359,0.8431986946593293,0.663,0.97
Random Trees and Logistic Regression,RT + LR,0.1250534184595359,0.8431986946593293,0.663,0.97
Random Trees and Logistic Regression,RT + LR,0.1250534184595359,0.8431986946593293,0.739,0.987
Random Trees and Logistic Regression,RT + LR,0.1250534184595359,0.8431986946593293,0.739,0.987
Random Trees and Logistic Regression,RT + LR,0.1250534184595359,0.8431986946593293,0.745,0.987
Random Trees and Logistic Regression,RT + LR,0.1250534184595359,0.8431986946593293,0.745,0.987
Random Trees and Logistic Regression,RT + LR,0.1250534184595359,0.8431986946593293,0.746,0.989
Random Trees and Logistic Regression,RT + LR,0.1250534184595359,0.8431986946593293,0.747,0.989
Random Trees and Logistic Regression,RT + LR,0.1250534184595359,0.8431986946593293,0.747,0.989
Random Trees and Logistic Regression,RT + LR,0.1250534184595359,0.8431986946593293,0.752,0.989
Random Trees and Logistic Regression,RT + LR,0.1250534184595359,0.8431986946593293,0.752,0.989
Random Trees and Logistic Regression,RT + LR,0.1250534184595359,0.8431986946593293,0.765,0.989
Random Trees and Logistic Regression,RT + LR,0.1250534184595359,0.8431986946593293,0.766,0.989
Random Trees and Logistic Regression,RT + LR,0.1250534184595359,0.8431986946593293,0.773,0.989
Random Trees and Logistic Regression,RT + LR,0.1250534184595359,0.8431986946593293,0.773,0.989
Random Trees and Logistic Regression,RT + LR,0.1250534184595359,0.8431986946593293,0.774,0.989
Random Trees and Logistic Regression,RT + LR,0.1250534184595359,0.8431986946593293,0.775,0.989
Random Trees and Logistic Regression,RT + LR,0.1250534184595359,0.8431986946593293,0.778,0.989
Random Trees and Logistic Regression,RT + LR,0.1250534184595359,0.8431986946593293,0.778,0.989
Random Trees and Logistic Regression,RT + LR,0.1250534184595359,0.8431986946593293,0.778,0.989
Random Trees and Logistic Regression,RT + LR,0.1250534184595359,0.8431986946593293,0.779,0.989
Random Trees and Logistic Regression,RT + LR,0.1250534184595359,0.8431986946593293,0.779,0.989
Random Trees and Logistic Regression,RT + LR,0.1250534184595359,0.8431986946593293,0.781,0.989
Random Trees and Logistic Regression,RT + LR,0.1250534184595359,0.8431986946593293,0.784,0.989
Random Trees and Logistic Regression,RT + LR,0.1250534184595359,0.8431986946593293,0.79,0.989
Random Trees and Logistic Regression,RT + LR,0.1250534184595359,0.8431986946593293,0.794,0.989
Random Trees and Logistic Regression,RT + LR,0.1250534184595359,0.8431986946593293,0.795,0.989
Random Trees and Logistic Regression,RT + LR,0.1250534184595359,0.8431986946593293,0.799,0.989
Random Trees and Logistic Regression,RT + LR,0.1250534184595359,0.8431986946593293,0.8,0.989
Random Trees and Logistic Regression,RT + LR,0.1250534184595359,0.8431986946593293,0.804,0.989
Random Trees and Logistic Regression,RT + LR,0.1250534184595359,0.8431986946593293,0.806,0.989
Random Trees and Logistic Regression,RT + LR,0.1250534184595359,0.8431986946593293,0.809,0.989
Random Trees and Logistic Regression,RT + LR,0.1250534184595359,0.8431986946593293,0.811,0.989
Random Trees and Logistic Regression,RT + LR,0.1250534184595359,0.8431986946593293,0.811,0.989
Random Trees and Logistic Regression,RT + LR,0.1250534184595359,0.8431986946593293,0.811,0.989
Random Trees and Logistic Regression,RT + LR,0.1250534184595359,0.8431986946593293,0.813,0.989
Random Trees and Logistic Regression,RT + LR,0.1250534184595359,0.8431986946593293,0.813,0.989
Random Trees and Logistic Regression,RT + LR,0.1250534184595359,0.8431986946593293,0.833,0.989
Random Trees and Logistic Regression,RT + LR,0.1250534184595359,0.8431986946593293,0.835,0.989
Random Trees and Logistic Regression,RT + LR,0.1250534184595359,0.8431986946593293,0.841,0.989
Random Trees and Logistic Regression,RT + LR,0.1250534184595359,0.8431986946593293,0.843,0.989
Random Trees and Logistic Regression,RT + LR,0.1250534184595359,0.8431986946593293,0.843,0.989
Random Trees and Logistic Regression,RT + LR,0.1250534184595359,0.8431986946593293,0.846,0.989
Random Trees and Logistic Regression,RT + LR,0.1250534184595359,0.8431986946593293,0.858,0.989
Random Trees and Logistic Regression,RT + LR,0.1250534184595359,0.8431986946593293,0.859,0.989
Random Trees and Logistic Regression,RT + LR,0.1250534184595359,0.8431986946593293,0.859,0.989
Random Trees and Logistic Regression,RT + LR,0.1250534184595359,0.8431986946593293,0.86,0.989
Random Trees and Logistic Regression,RT + LR,0.1250534184595359,0.8431986946593293,0.86,0.993
Random Trees and Logistic Regression,RT + LR,0.1250534184595359,0.8431986946593293,0.862,0.993
Random Trees and Logistic Regression,RT + LR,0.1250534184595359,0.8431986946593293,0.866,0.993
Random Trees and Logistic Regression,RT + LR,0.1250534184595359,0.8431986946593293,0.867,0.993
Random Trees and Logistic Regression,RT + LR,0.1250534184595359,0.8431986946593293,0.867,0.993
Random Trees and Logistic Regression,RT + LR,0.1250534184595359,0.8431986946593293,0.87,0.993
Random Trees and Logistic Regression,RT + LR,0.1250534184595359,0.8431986946593293,0.87,0.993
Random Trees and Logistic Regression,RT + LR,0.1250534184595359,0.8431986946593293,0.874,0.995
Random Trees and Logistic Regression,RT + LR,0.1250534184595359,0.8431986946593293,0.877,0.995
Random Trees and Logistic Regression,RT + LR,0.1250534184595359,0.8431986946593293,0.88,0.995
Random Trees and Logistic Regression,RT + LR,0.1250534184595359,0.8431986946593293,0.882,0.995
Random Trees and Logistic Regression,RT + LR,0.1250534184595359,0.8431986946593293,0.882,0.995
Random Trees and Logistic Regression,RT + LR,0.1250534184595359,0.8431986946593293,0.882,0.995
Random Trees and Logistic Regression,RT + LR,0.1250534184595359,0.8431986946593293,0.922,0.996
Random Trees and Logistic Regression,RT + LR,0.1250534184595359,0.8431986946593293,0.925,0.996
Random Trees and Logistic Regression,RT + LR,0.1250534184595359,0.8431986946593293,0.925,0.996
Random Trees and Logistic Regression,RT + LR,0.1250534184595359,0.8431986946593293,0.926,0.996
Random Trees and Logistic Regression,RT + LR,0.1250534184595359,0.8431986946593293,0.926,0.996
Random Trees and Logistic Regression,RT + LR,0.1250534184595359,0.8431986946593293,0.927,0.996
Random Trees and Logistic Regression,RT + LR,0.1250534184595359,0.8431986946593293,0.971,0.998
Random Trees and Logistic Regression,RT + LR,0.1250534184595359,0.8431986946593293,0.985,0.998
Random Trees and Logistic Regression,RT + LR,0.1250534184595359,0.8431986946593293,0.985,0.998
Random Trees and Logistic Regression,RT + LR,0.1250534184595359,0.8431986946593293,0.987,0.998
Random Trees and Logistic Regression,RT + LR,0.1250534184595359,0.8431986946593293,0.996,0.998
Random Trees and Logistic Regression,RT + LR,0.1250534184595359,0.8431986946593293,0.997,0.998
Random Trees and Logistic Regression,RT + LR,0.1250534184595359,0.8431986946593293,0.998,0.998
Random Trees and Logistic Regression,RT + LR,0.1250534184595359,0.8431986946593293,1.0,1.0
Random Forest,RF,0.13005197078980155,0.8303197810371888,0.0,0.0
Random Forest,RF,0.13005197078980155,0.8303197810371888,0.0,0.0
Random Forest,RF,0.13005197078980155,0.8303197810371888,0.0,0.014
Random Forest,RF,0.13005197078980155,0.8303197810371888,0.0,0.014
Random Forest,RF,0.13005197078980155,0.8303197810371888,0.001,0.014
Random Forest,RF,0.13005197078980155,0.8303197810371888,0.001,0.016
Random Forest,RF,0.13005197078980155,0.8303197810371888,0.001,0.016
Random Forest,RF,0.13005197078980155,0.8303197810371888,0.001,0.018
Random Forest,RF,0.13005197078980155,0.8303197810371888,0.001,0.018
Random Forest,RF,0.13005197078980155,0.8303197810371888,0.001,0.02
Random Forest,RF,0.13005197078980155,0.8303197810371888,0.001,0.021
Random Forest,RF,0.13005197078980155,0.8303197810371888,0.001,0.029
Random Forest,RF,0.13005197078980155,0.8303197810371888,0.002,0.029
Random Forest,RF,0.13005197078980155,0.8303197810371888,0.002,0.029
Random Forest,RF,0.13005197078980155,0.8303197810371888,0.002,0.029
Random Forest,RF,0.13005197078980155,0.8303197810371888,0.002,0.03
Random Forest,RF,0.13005197078980155,0.8303197810371888,0.002,0.03
Random Forest,RF,0.13005197078980155,0.8303197810371888,0.002,0.036
Random Forest,RF,0.13005197078980155,0.8303197810371888,0.002,0.036
Random Forest,RF,0.13005197078980155,0.8303197810371888,0.002,0.038
Random Forest,RF,0.13005197078980155,0.8303197810371888,0.004,0.05
Random Forest,RF,0.13005197078980155,0.8303197810371888,0.005,0.057
Random Forest,RF,0.13005197078980155,0.8303197810371888,0.005,0.063
Random Forest,RF,0.13005197078980155,0.8303197810371888,0.005,0.064
Random Forest,RF,0.13005197078980155,0.8303197810371888,0.005,0.064
Random Forest,RF,0.13005197078980155,0.8303197810371888,0.006,0.073
Random Forest,RF,0.13005197078980155,0.8303197810371888,0.007,0.084
Random Forest,RF,0.13005197078980155,0.8303197810371888,0.008,0.097
Random Forest,RF,0.13005197078980155,0.8303197810371888,0.008,0.097
Random Forest,RF,0.13005197078980155,0.8303197810371888,0.008,0.1
Random Forest,RF,0.13005197078980155,0.8303197810371888,0.008,0.106
Random Forest,RF,0.13005197078980155,0.8303197810371888,0.008,0.106
Random Forest,RF,0.13005197078980155,0.8303197810371888,0.008,0.106
Random Forest,RF,0.13005197078980155,0.8303197810371888,0.008,0.106
Random Forest,RF,0.13005197078980155,0.8303197810371888,0.009,0.107
Random Forest,RF,0.13005197078980155,0.8303197810371888,0.009,0.107
Random Forest,RF,0.13005197078980155,0.8303197810371888,0.013,0.14
Random Forest,RF,0.13005197078980155,0.8303197810371888,0.014,0.14
Random Forest,RF,0.13005197078980155,0.8303197810371888,0.014,0.15
Random Forest,RF,0.13005197078980155,0.8303197810371888,0.015,0.15
Random Forest,RF,0.13005197078980155,0.8303197810371888,0.015,0.161
Random Forest,RF,0.13005197078980155,0.8303197810371888,0.015,0.161
Random Forest,RF,0.13005197078980155,0.8303197810371888,0.015,0.165
Random Forest,RF,0.13005197078980155,0.8303197810371888,0.017,0.191
Random Forest,RF,0.13005197078980155,0.8303197810371888,0.017,0.191
Random Forest,RF,0.13005197078980155,0.8303197810371888,0.018,0.195
Random Forest,RF,0.13005197078980155,0.8303197810371888,0.018,0.2
Random Forest,RF,0.13005197078980155,0.8303197810371888,0.018,0.2
Random Forest,RF,0.13005197078980155,0.8303197810371888,0.018,0.202
Random Forest,RF,0.13005197078980155,0.8303197810371888,0.019,0.211
Random Forest,RF,0.13005197078980155,0.8303197810371888,0.019,0.211
Random Forest,RF,0.13005197078980155,0.8303197810371888,0.021,0.218
Random Forest,RF,0.13005197078980155,0.8303197810371888,0.021,0.224
Random Forest,RF,0.13005197078980155,0.8303197810371888,0.022,0.229
Random Forest,RF,0.13005197078980155,0.8303197810371888,0.022,0.229
Random Forest,RF,0.13005197078980155,0.8303197810371888,0.022,0.231
Random Forest,RF,0.13005197078980155,0.8303197810371888,0.024,0.249
Random Forest,RF,0.13005197078980155,0.8303197810371888,0.025,0.249
Random Forest,RF,0.13005197078980155,0.8303197810371888,0.025,0.25
Random Forest,RF,0.13005197078980155,0.8303197810371888,0.025,0.254
Random Forest,RF,0.13005197078980155,0.8303197810371888,0.025,0.258
Random Forest,RF,0.13005197078980155,0.8303197810371888,0.026,0.274
Random Forest,RF,0.13005197078980155,0.8303197810371888,0.026,0.274
Random Forest,RF,0.13005197078980155,0.8303197810371888,0.026,0.275
Random Forest,RF,0.13005197078980155,0.8303197810371888,0.026,0.275
Random Forest,RF,0.13005197078980155,0.8303197810371888,0.027,0.275
Random Forest,RF,0.13005197078980155,0.8303197810371888,0.027,0.275
Random Forest,RF,0.13005197078980155,0.8303197810371888,0.027,0.277
Random Forest,RF,0.13005197078980155,0.8303197810371888,0.027,0.281
Random Forest,RF,0.13005197078980155,0.8303197810371888,0.027,0.283
Random Forest,RF,0.13005197078980155,0.8303197810371888,0.028,0.286
Random Forest,RF,0.13005197078980155,0.8303197810371888,0.028,0.286
Random Forest,RF,0.13005197078980155,0.8303197810371888,0.028,0.288
Random Forest,RF,0.13005197078980155,0.8303197810371888,0.028,0.292
Random Forest,RF,0.13005197078980155,0.8303197810371888,0.029,0.295
Random Forest,RF,0.13005197078980155,0.8303197810371888,0.029,0.297
Random Forest,RF,0.13005197078980155,0.8303197810371888,0.029,0.297
Random Forest,RF,0.13005197078980155,0.8303197810371888,0.03,0.308
Random Forest,RF,0.13005197078980155,0.8303197810371888,0.031,0.311
Random Forest,RF,0.13005197078980155,0.8303197810371888,0.031,0.318
Random Forest,RF,0.13005197078980155,0.8303197810371888,0.032,0.324
Random Forest,RF,0.13005197078980155,0.8303197810371888,0.033,0.324
Random Forest,RF,0.13005197078980155,0.8303197810371888,0.033,0.326
Random Forest,RF,0.13005197078980155,0.8303197810371888,0.034,0.333
Random Forest,RF,0.13005197078980155,0.8303197810371888,0.034,0.333
Random Forest,RF,0.13005197078980155,0.8303197810371888,0.034,0.335
Random Forest,RF,0.13005197078980155,0.8303197810371888,0.035,0.336
Random Forest,RF,0.13005197078980155,0.8303197810371888,0.035,0.338
Random Forest,RF,0.13005197078980155,0.8303197810371888,0.035,0.34
Random Forest,RF,0.13005197078980155,0.8303197810371888,0.035,0.34
Random Forest,RF,0.13005197078980155,0.8303197810371888,0.036,0.342
Random Forest,RF,0.13005197078980155,0.8303197810371888,0.037,0.345
Random Forest,RF,0.13005197078980155,0.8303197810371888,0.037,0.345
Random Forest,RF,0.13005197078980155,0.8303197810371888,0.039,0.351
Random Forest,RF,0.13005197078980155,0.8303197810371888,0.039,0.351
Random Forest,RF,0.13005197078980155,0.8303197810371888,0.046,0.372
Random Forest,RF,0.13005197078980155,0.8303197810371888,0.047,0.376
Random Forest,RF,0.13005197078980155,0.8303197810371888,0.048,0.376
Random Forest,RF,0.13005197078980155,0.8303197810371888,0.048,0.377
Random Forest,RF,0.13005197078980155,0.8303197810371888,0.048,0.379
Random Forest,RF,0.13005197078980155,0.8303197810371888,0.049,0.379
Random Forest,RF,0.13005197078980155,0.8303197810371888,0.05,0.383
Random Forest,RF,0.13005197078980155,0.8303197810371888,0.051,0.386
Random Forest,RF,0.13005197078980155,0.8303197810371888,0.051,0.386
Random Forest,RF,0.13005197078980155,0.8303197810371888,0.051,0.386
Random Forest,RF,0.13005197078980155,0.8303197810371888,0.051,0.386
Random Forest,RF,0.13005197078980155,0.8303197810371888,0.051,0.388
Random Forest,RF,0.13005197078980155,0.8303197810371888,0.051,0.388
Random Forest,RF,0.13005197078980155,0.8303197810371888,0.052,0.388
Random Forest,RF,0.13005197078980155,0.8303197810371888,0.052,0.394
Random Forest,RF,0.13005197078980155,0.8303197810371888,0.052,0.394
Random Forest,RF,0.13005197078980155,0.8303197810371888,0.053,0.394
Random Forest,RF,0.13005197078980155,0.8303197810371888,0.053,0.394
Random Forest,RF,0.13005197078980155,0.8303197810371888,0.053,0.394
Random Forest,RF,0.13005197078980155,0.8303197810371888,0.053,0.395
Random Forest,RF,0.13005197078980155,0.8303197810371888,0.053,0.395
Random Forest,RF,0.13005197078980155,0.8303197810371888,0.053,0.395
Random Forest,RF,0.13005197078980155,0.8303197810371888,0.054,0.399
Random Forest,RF,0.13005197078980155,0.8303197810371888,0.054,0.399
Random Forest,RF,0.13005197078980155,0.8303197810371888,0.055,0.401
Random Forest,RF,0.13005197078980155,0.8303197810371888,0.055,0.404
Random Forest,RF,0.13005197078980155,0.8303197810371888,0.056,0.408
Random Forest,RF,0.13005197078980155,0.8303197810371888,0.056,0.408
Random Forest,RF,0.13005197078980155,0.8303197810371888,0.056,0.408
Random Forest,RF,0.13005197078980155,0.8303197810371888,0.056,0.408
Random Forest,RF,0.13005197078980155,0.8303197810371888,0.056,0.41
Random Forest,RF,0.13005197078980155,0.8303197810371888,0.057,0.417
Random Forest,RF,0.13005197078980155,0.8303197810371888,0.057,0.419
Random Forest,RF,0.13005197078980155,0.8303197810371888,0.058,0.426
Random Forest,RF,0.13005197078980155,0.8303197810371888,0.058,0.426
Random Forest,RF,0.13005197078980155,0.8303197810371888,0.059,0.433
Random Forest,RF,0.13005197078980155,0.8303197810371888,0.061,0.433
Random Forest,RF,0.13005197078980155,0.8303197810371888,0.061,0.435
Random Forest,RF,0.13005197078980155,0.8303197810371888,0.061,0.436
Random Forest,RF,0.13005197078980155,0.8303197810371888,0.061,0.436
Random Forest,RF,0.13005197078980155,0.8303197810371888,0.063,0.436
Random Forest,RF,0.13005197078980155,0.8303197810371888,0.064,0.442
Random Forest,RF,0.13005197078980155,0.8303197810371888,0.065,0.445
Random Forest,RF,0.13005197078980155,0.8303197810371888,0.065,0.447
Random Forest,RF,0.13005197078980155,0.8303197810371888,0.066,0.451
Random Forest,RF,0.13005197078980155,0.8303197810371888,0.066,0.454
Random Forest,RF,0.13005197078980155,0.8303197810371888,0.066,0.456
Random Forest,RF,0.13005197078980155,0.8303197810371888,0.066,0.458
Random Forest,RF,0.13005197078980155,0.8303197810371888,0.067,0.458
Random Forest,RF,0.13005197078980155,0.8303197810371888,0.067,0.458
Random Forest,RF,0.13005197078980155,0.8303197810371888,0.067,0.462
Random Forest,RF,0.13005197078980155,0.8303197810371888,0.067,0.462
Random Forest,RF,0.13005197078980155,0.8303197810371888,0.067,0.465
Random Forest,RF,0.13005197078980155,0.8303197810371888,0.068,0.465
Random Forest,RF,0.13005197078980155,0.8303197810371888,0.07,0.472
Random Forest,RF,0.13005197078980155,0.8303197810371888,0.07,0.476
Random Forest,RF,0.13005197078980155,0.8303197810371888,0.07,0.476
Random Forest,RF,0.13005197078980155,0.8303197810371888,0.07,0.476
Random Forest,RF,0.13005197078980155,0.8303197810371888,0.07,0.476
Random Forest,RF,0.13005197078980155,0.8303197810371888,0.072,0.483
Random Forest,RF,0.13005197078980155,0.8303197810371888,0.072,0.483
Random Forest,RF,0.13005197078980155,0.8303197810371888,0.077,0.499
Random Forest,RF,0.13005197078980155,0.8303197810371888,0.077,0.499
Random Forest,RF,0.13005197078980155,0.8303197810371888,0.079,0.506
Random Forest,RF,0.13005197078980155,0.8303197810371888,0.085,0.537
Random Forest,RF,0.13005197078980155,0.8303197810371888,0.085,0.537
Random Forest,RF,0.13005197078980155,0.8303197810371888,0.085,0.538
Random Forest,RF,0.13005197078980155,0.8303197810371888,0.085,0.538
Random Forest,RF,0.13005197078980155,0.8303197810371888,0.086,0.54
Random Forest,RF,0.13005197078980155,0.8303197810371888,0.086,0.542
Random Forest,RF,0.13005197078980155,0.8303197810371888,0.087,0.542
Random Forest,RF,0.13005197078980155,0.8303197810371888,0.088,0.546
Random Forest,RF,0.13005197078980155,0.8303197810371888,0.089,0.549
Random Forest,RF,0.13005197078980155,0.8303197810371888,0.089,0.551
Random Forest,RF,0.13005197078980155,0.8303197810371888,0.091,0.551
Random Forest,RF,0.13005197078980155,0.8303197810371888,0.091,0.551
Random Forest,RF,0.13005197078980155,0.8303197810371888,0.091,0.551
Random Forest,RF,0.13005197078980155,0.8303197810371888,0.093,0.555
Random Forest,RF,0.13005197078980155,0.8303197810371888,0.096,0.562
Random Forest,RF,0.13005197078980155,0.8303197810371888,0.096,0.562
Random Forest,RF,0.13005197078980155,0.8303197810371888,0.1,0.576
Random Forest,RF,0.13005197078980155,0.8303197810371888,0.101,0.576
Random Forest,RF,0.13005197078980155,0.8303197810371888,0.101,0.578
Random Forest,RF,0.13005197078980155,0.8303197810371888,0.101,0.578
Random Forest,RF,0.13005197078980155,0.8303197810371888,0.106,0.589
Random Forest,RF,0.13005197078980155,0.8303197810371888,0.109,0.592
Random Forest,RF,0.13005197078980155,0.8303197810371888,0.111,0.594
Random Forest,RF,0.13005197078980155,0.8303197810371888,0.112,0.596
Random Forest,RF,0.13005197078980155,0.8303197810371888,0.113,0.596
Random Forest,RF,0.13005197078980155,0.8303197810371888,0.117,0.608
Random Forest,RF,0.13005197078980155,0.8303197810371888,0.125,0.624
Random Forest,RF,0.13005197078980155,0.8303197810371888,0.127,0.626
Random Forest,RF,0.13005197078980155,0.8303197810371888,0.128,0.63
Random Forest,RF,0.13005197078980155,0.8303197810371888,0.155,0.637
Random Forest,RF,0.13005197078980155,0.8303197810371888,0.158,0.655
Random Forest,RF,0.13005197078980155,0.8303197810371888,0.158,0.657
Random Forest,RF,0.13005197078980155,0.8303197810371888,0.159,0.658
Random Forest,RF,0.13005197078980155,0.8303197810371888,0.159,0.66
Random Forest,RF,0.13005197078980155,0.8303197810371888,0.162,0.664
Random Forest,RF,0.13005197078980155,0.8303197810371888,0.163,0.667
Random Forest,RF,0.13005197078980155,0.8303197810371888,0.163,0.669
Random Forest,RF,0.13005197078980155,0.8303197810371888,0.165,0.673
Random Forest,RF,0.13005197078980155,0.8303197810371888,0.166,0.674
Random Forest,RF,0.13005197078980155,0.8303197810371888,0.167,0.674
Random Forest,RF,0.13005197078980155,0.8303197810371888,0.168,0.676
Random Forest,RF,0.13005197078980155,0.8303197810371888,0.171,0.68
Random Forest,RF,0.13005197078980155,0.8303197810371888,0.179,0.692
Random Forest,RF,0.13005197078980155,0.8303197810371888,0.185,0.696
Random Forest,RF,0.13005197078980155,0.8303197810371888,0.192,0.696
Random Forest,RF,0.13005197078980155,0.8303197810371888,0.197,0.705
Random Forest,RF,0.13005197078980155,0.8303197810371888,0.198,0.71
Random Forest,RF,0.13005197078980155,0.8303197810371888,0.199,0.71
Random Forest,RF,0.13005197078980155,0.8303197810371888,0.199,0.714
Random Forest,RF,0.13005197078980155,0.8303197810371888,0.201,0.725
Random Forest,RF,0.13005197078980155,0.8303197810371888,0.205,0.73
Random Forest,RF,0.13005197078980155,0.8303197810371888,0.206,0.732
Random Forest,RF,0.13005197078980155,0.8303197810371888,0.207,0.732
Random Forest,RF,0.13005197078980155,0.8303197810371888,0.21,0.742
Random Forest,RF,0.13005197078980155,0.8303197810371888,0.212,0.742
Random Forest,RF,0.13005197078980155,0.8303197810371888,0.214,0.742
Random Forest,RF,0.13005197078980155,0.8303197810371888,0.215,0.744
Random Forest,RF,0.13005197078980155,0.8303197810371888,0.229,0.771
Random Forest,RF,0.13005197078980155,0.8303197810371888,0.229,0.771
Random Forest,RF,0.13005197078980155,0.8303197810371888,0.233,0.773
Random Forest,RF,0.13005197078980155,0.8303197810371888,0.301,0.812
Random Forest,RF,0.13005197078980155,0.8303197810371888,0.302,0.812
Random Forest,RF,0.13005197078980155,0.8303197810371888,0.303,0.812
Random Forest,RF,0.13005197078980155,0.8303197810371888,0.303,0.812
Random Forest,RF,0.13005197078980155,0.8303197810371888,0.303,0.812
Random Forest,RF,0.13005197078980155,0.8303197810371888,0.325,0.821
Random Forest,RF,0.13005197078980155,0.8303197810371888,0.35,0.823
Random Forest,RF,0.13005197078980155,0.8303197810371888,0.355,0.83
Random Forest,RF,0.13005197078980155,0.8303197810371888,0.357,0.834
Random Forest,RF,0.13005197078980155,0.8303197810371888,0.37,0.86
Random Forest,RF,0.13005197078980155,0.8303197810371888,0.375,0.862
Random Forest,RF,0.13005197078980155,0.8303197810371888,0.375,0.862
Random Forest,RF,0.13005197078980155,0.8303197810371888,0.396,0.871
Random Forest,RF,0.13005197078980155,0.8303197810371888,0.399,0.873
Random Forest,RF,0.13005197078980155,0.8303197810371888,0.441,0.882
Random Forest,RF,0.13005197078980155,0.8303197810371888,0.447,0.884
Random Forest,RF,0.13005197078980155,0.8303197810371888,0.454,0.886
Random Forest,RF,0.13005197078980155,0.8303197810371888,0.455,0.887
Random Forest,RF,0.13005197078980155,0.8303197810371888,0.459,0.887
Random Forest,RF,0.13005197078980155,0.8303197810371888,0.46,0.887
Random Forest,RF,0.13005197078980155,0.8303197810371888,0.46,0.887
Random Forest,RF,0.13005197078980155,0.8303197810371888,0.526,0.905
Random Forest,RF,0.13005197078980155,0.8303197810371888,0.541,0.918
Random Forest,RF,0.13005197078980155,0.8303197810371888,0.542,0.918
Random Forest,RF,0.13005197078980155,0.8303197810371888,0.542,0.918
Random Forest,RF,0.13005197078980155,0.8303197810371888,0.562,0.923
Random Forest,RF,0.13005197078980155,0.8303197810371888,0.58,0.934
Random Forest,RF,0.13005197078980155,0.8303197810371888,0.619,0.936
Random Forest,RF,0.13005197078980155,0.8303197810371888,0.621,0.936
Random Forest,RF,0.13005197078980155,0.8303197810371888,0.626,0.936
Random Forest,RF,0.13005197078980155,0.8303197810371888,0.649,0.939
Random Forest,RF,0.13005197078980155,0.8303197810371888,0.661,0.939
Random Forest,RF,0.13005197078980155,0.8303197810371888,0.816,0.973
Random Forest,RF,0.13005197078980155,0.8303197810371888,0.816,0.973
Random Forest,RF,0.13005197078980155,0.8303197810371888,0.816,0.973
Random Forest,RF,0.13005197078980155,0.8303197810371888,0.829,0.98
Random Forest,RF,0.13005197078980155,0.8303197810371888,0.836,0.984
Random Forest,RF,0.13005197078980155,0.8303197810371888,0.836,0.984
Random Forest,RF,0.13005197078980155,0.8303197810371888,0.848,0.986
Random Forest,RF,0.13005197078980155,0.8303197810371888,0.85,0.986
Random Forest,RF,0.13005197078980155,0.8303197810371888,0.85,0.986
Random Forest,RF,0.13005197078980155,0.8303197810371888,0.987,0.995
Random Forest,RF,0.13005197078980155,0.8303197810371888,0.988,0.995
Random Forest,RF,0.13005197078980155,0.8303197810371888,0.989,0.995
Random Forest,RF,0.13005197078980155,0.8303197810371888,0.989,0.995
Random Forest,RF,0.13005197078980155,0.8303197810371888,0.99,0.995
Random Forest,RF,0.13005197078980155,0.8303197810371888,0.991,0.998
Random Forest,RF,0.13005197078980155,0.8303197810371888,0.993,0.998
Random Forest,RF,0.13005197078980155,0.8303197810371888,0.993,0.998
Random Forest,RF,0.13005197078980155,0.8303197810371888,0.998,1.0
Random Forest,RF,0.13005197078980155,0.8303197810371888,0.999,1.0
Random Forest,RF,0.13005197078980155,0.8303197810371888,0.999,1.0
Random Forest,RF,0.13005197078980155,0.8303197810371888,1.0,1.0
Random Forest,RF,0.13005197078980155,0.8303197810371888,1.0,1.0
Random Forest and Logistic Regression,RF + LR,0.12354982663889884,0.8400420958652706,0.0,0.0
Random Forest and Logistic Regression,RF + LR,0.12354982663889884,0.8400420958652706,0.0,0.0
Random Forest and Logistic Regression,RF + LR,0.12354982663889884,0.8400420958652706,0.0,0.0
Random Forest and Logistic Regression,RF + LR,0.12354982663889884,0.8400420958652706,0.001,0.014
Random Forest and Logistic Regression,RF + LR,0.12354982663889884,0.8400420958652706,0.001,0.016
Random Forest and Logistic Regression,RF + LR,0.12354982663889884,0.8400420958652706,0.001,0.023
Random Forest and Logistic Regression,RF + LR,0.12354982663889884,0.8400420958652706,0.002,0.03
Random Forest and Logistic Regression,RF + LR,0.12354982663889884,0.8400420958652706,0.002,0.032
Random Forest and Logistic Regression,RF + LR,0.12354982663889884,0.8400420958652706,0.003,0.038
Random Forest and Logistic Regression,RF + LR,0.12354982663889884,0.8400420958652706,0.003,0.047
Random Forest and Logistic Regression,RF + LR,0.12354982663889884,0.8400420958652706,0.004,0.047
Random Forest and Logistic Regression,RF + LR,0.12354982663889884,0.8400420958652706,0.005,0.055
Random Forest and Logistic Regression,RF + LR,0.12354982663889884,0.8400420958652706,0.005,0.061
Random Forest and Logistic Regression,RF + LR,0.12354982663889884,0.8400420958652706,0.005,0.063
Random Forest and Logistic Regression,RF + LR,0.12354982663889884,0.8400420958652706,0.005,0.064
Random Forest and Logistic Regression,RF + LR,0.12354982663889884,0.8400420958652706,0.006,0.077
Random Forest and Logistic Regression,RF + LR,0.12354982663889884,0.8400420958652706,0.006,0.077
Random Forest and Logistic Regression,RF + LR,0.12354982663889884,0.8400420958652706,0.007,0.104
Random Forest and Logistic Regression,RF + LR,0.12354982663889884,0.8400420958652706,0.007,0.106
Random Forest and Logistic Regression,RF + LR,0.12354982663889884,0.8400420958652706,0.007,0.106
Random Forest and Logistic Regression,RF + LR,0.12354982663889884,0.8400420958652706,0.008,0.111
Random Forest and Logistic Regression,RF + LR,0.12354982663889884,0.8400420958652706,0.008,0.113
Random Forest and Logistic Regression,RF + LR,0.12354982663889884,0.8400420958652706,0.008,0.116
Random Forest and Logistic Regression,RF + LR,0.12354982663889884,0.8400420958652706,0.008,0.118
Random Forest and Logistic Regression,RF + LR,0.12354982663889884,0.8400420958652706,0.008,0.118
Random Forest and Logistic Regression,RF + LR,0.12354982663889884,0.8400420958652706,0.012,0.15
Random Forest and Logistic Regression,RF + LR,0.12354982663889884,0.8400420958652706,0.012,0.15
Random Forest and Logistic Regression,RF + LR,0.12354982663889884,0.8400420958652706,0.013,0.152
Random Forest and Logistic Regression,RF + LR,0.12354982663889884,0.8400420958652706,0.013,0.163
Random Forest and Logistic Regression,RF + LR,0.12354982663889884,0.8400420958652706,0.014,0.168
Random Forest and Logistic Regression,RF + LR,0.12354982663889884,0.8400420958652706,0.015,0.179
Random Forest and Logistic Regression,RF + LR,0.12354982663889884,0.8400420958652706,0.015,0.179
Random Forest and Logistic Regression,RF + LR,0.12354982663889884,0.8400420958652706,0.015,0.179
Random Forest and Logistic Regression,RF + LR,0.12354982663889884,0.8400420958652706,0.017,0.191
Random Forest and Logistic Regression,RF + LR,0.12354982663889884,0.8400420958652706,0.017,0.195
Random Forest and Logistic Regression,RF + LR,0.12354982663889884,0.8400420958652706,0.018,0.199
Random Forest and Logistic Regression,RF + LR,0.12354982663889884,0.8400420958652706,0.025,0.22
Random Forest and Logistic Regression,RF + LR,0.12354982663889884,0.8400420958652706,0.025,0.22
Random Forest and Logistic Regression,RF + LR,0.12354982663889884,0.8400420958652706,0.026,0.227
Random Forest and Logistic Regression,RF + LR,0.12354982663889884,0.8400420958652706,0.026,0.227
Random Forest and Logistic Regression,RF + LR,0.12354982663889884,0.8400420958652706,0.026,0.238
Random Forest and Logistic Regression,RF + LR,0.12354982663889884,0.8400420958652706,0.026,0.242
Random Forest and Logistic Regression,RF + LR,0.12354982663889884,0.8400420958652706,0.027,0.243
Random Forest and Logistic Regression,RF + LR,0.12354982663889884,0.8400420958652706,0.027,0.247
Random Forest and Logistic Regression,RF + LR,0.12354982663889884,0.8400420958652706,0.027,0.249
Random Forest and Logistic Regression,RF + LR,0.12354982663889884,0.8400420958652706,0.028,0.249
Random Forest and Logistic Regression,RF + LR,0.12354982663889884,0.8400420958652706,0.029,0.252
Random Forest and Logistic Regression,RF + LR,0.12354982663889884,0.8400420958652706,0.031,0.258
Random Forest and Logistic Regression,RF + LR,0.12354982663889884,0.8400420958652706,0.035,0.274
Random Forest and Logistic Regression,RF + LR,0.12354982663889884,0.8400420958652706,0.036,0.277
Random Forest and Logistic Regression,RF + LR,0.12354982663889884,0.8400420958652706,0.036,0.277
Random Forest and Logistic Regression,RF + LR,0.12354982663889884,0.8400420958652706,0.036,0.277
Random Forest and Logistic Regression,RF + LR,0.12354982663889884,0.8400420958652706,0.036,0.279
Random Forest and Logistic Regression,RF + LR,0.12354982663889884,0.8400420958652706,0.036,0.279
Random Forest and Logistic Regression,RF + LR,0.12354982663889884,0.8400420958652706,0.038,0.286
Random Forest and Logistic Regression,RF + LR,0.12354982663889884,0.8400420958652706,0.038,0.29
Random Forest and Logistic Regression,RF + LR,0.12354982663889884,0.8400420958652706,0.038,0.293
Random Forest and Logistic Regression,RF + LR,0.12354982663889884,0.8400420958652706,0.039,0.295
Random Forest and Logistic Regression,RF + LR,0.12354982663889884,0.8400420958652706,0.039,0.297
Random Forest and Logistic Regression,RF + LR,0.12354982663889884,0.8400420958652706,0.039,0.301
Random Forest and Logistic Regression,RF + LR,0.12354982663889884,0.8400420958652706,0.04,0.301
Random Forest and Logistic Regression,RF + LR,0.12354982663889884,0.8400420958652706,0.041,0.308
Random Forest and Logistic Regression,RF + LR,0.12354982663889884,0.8400420958652706,0.041,0.308
Random Forest and Logistic Regression,RF + LR,0.12354982663889884,0.8400420958652706,0.045,0.32
Random Forest and Logistic Regression,RF + LR,0.12354982663889884,0.8400420958652706,0.045,0.327
Random Forest and Logistic Regression,RF + LR,0.12354982663889884,0.8400420958652706,0.046,0.329
Random Forest and Logistic Regression,RF + LR,0.12354982663889884,0.8400420958652706,0.046,0.333
Random Forest and Logistic Regression,RF + LR,0.12354982663889884,0.8400420958652706,0.048,0.34
Random Forest and Logistic Regression,RF + LR,0.12354982663889884,0.8400420958652706,0.048,0.342
Random Forest and Logistic Regression,RF + LR,0.12354982663889884,0.8400420958652706,0.05,0.349
Random Forest and Logistic Regression,RF + LR,0.12354982663889884,0.8400420958652706,0.051,0.351
Random Forest and Logistic Regression,RF + LR,0.12354982663889884,0.8400420958652706,0.051,0.351
Random Forest and Logistic Regression,RF + LR,0.12354982663889884,0.8400420958652706,0.056,0.381
Random Forest and Logistic Regression,RF + LR,0.12354982663889884,0.8400420958652706,0.058,0.388
Random Forest and Logistic Regression,RF + LR,0.12354982663889884,0.8400420958652706,0.06,0.392
Random Forest and Logistic Regression,RF + LR,0.12354982663889884,0.8400420958652706,0.06,0.392
Random Forest and Logistic Regression,RF + LR,0.12354982663889884,0.8400420958652706,0.06,0.392
Random Forest and Logistic Regression,RF + LR,0.12354982663889884,0.8400420958652706,0.06,0.394
Random Forest and Logistic Regression,RF + LR,0.12354982663889884,0.8400420958652706,0.06,0.395
Random Forest and Logistic Regression,RF + LR,0.12354982663889884,0.8400420958652706,0.06,0.395
Random Forest and Logistic Regression,RF + LR,0.12354982663889884,0.8400420958652706,0.062,0.397
Random Forest and Logistic Regression,RF + LR,0.12354982663889884,0.8400420958652706,0.062,0.397
Random Forest and Logistic Regression,RF + LR,0.12354982663889884,0.8400420958652706,0.062,0.399
Random Forest and Logistic Regression,RF + LR,0.12354982663889884,0.8400420958652706,0.067,0.41
Random Forest and Logistic Regression,RF + LR,0.12354982663889884,0.8400420958652706,0.069,0.411
Random Forest and Logistic Regression,RF + LR,0.12354982663889884,0.8400420958652706,0.069,0.417
Random Forest and Logistic Regression,RF + LR,0.12354982663889884,0.8400420958652706,0.078,0.433
Random Forest and Logistic Regression,RF + LR,0.12354982663889884,0.8400420958652706,0.079,0.444
Random Forest and Logistic Regression,RF + LR,0.12354982663889884,0.8400420958652706,0.08,0.444
Random Forest and Logistic Regression,RF + LR,0.12354982663889884,0.8400420958652706,0.08,0.449
Random Forest and Logistic Regression,RF + LR,0.12354982663889884,0.8400420958652706,0.08,0.453
Random Forest and Logistic Regression,RF + LR,0.12354982663889884,0.8400420958652706,0.08,0.454
Random Forest and Logistic Regression,RF + LR,0.12354982663889884,0.8400420958652706,0.08,0.454
Random Forest and Logistic Regression,RF + LR,0.12354982663889884,0.8400420958652706,0.08,0.458
Random Forest and Logistic Regression,RF + LR,0.12354982663889884,0.8400420958652706,0.081,0.46
Random Forest and Logistic Regression,RF + LR,0.12354982663889884,0.8400420958652706,0.081,0.463
Random Forest and Logistic Regression,RF + LR,0.12354982663889884,0.8400420958652706,0.081,0.463
Random Forest and Logistic Regression,RF + LR,0.12354982663889884,0.8400420958652706,0.083,0.481
Random Forest and Logistic Regression,RF + LR,0.12354982663889884,0.8400420958652706,0.083,0.481
Random Forest and Logistic Regression,RF + LR,0.12354982663889884,0.8400420958652706,0.083,0.485
Random Forest and Logistic Regression,RF + LR,0.12354982663889884,0.8400420958652706,0.084,0.485
Random Forest and Logistic Regression,RF + LR,0.12354982663889884,0.8400420958652706,0.085,0.488
Random Forest and Logistic Regression,RF + LR,0.12354982663889884,0.8400420958652706,0.085,0.488
Random Forest and Logistic Regression,RF + LR,0.12354982663889884,0.8400420958652706,0.086,0.488
Random Forest and Logistic Regression,RF + LR,0.12354982663889884,0.8400420958652706,0.086,0.488
Random Forest and Logistic Regression,RF + LR,0.12354982663889884,0.8400420958652706,0.087,0.492
Random Forest and Logistic Regression,RF + LR,0.12354982663889884,0.8400420958652706,0.087,0.494
Random Forest and Logistic Regression,RF + LR,0.12354982663889884,0.8400420958652706,0.088,0.496
Random Forest and Logistic Regression,RF + LR,0.12354982663889884,0.8400420958652706,0.088,0.501
Random Forest and Logistic Regression,RF + LR,0.12354982663889884,0.8400420958652706,0.089,0.503
Random Forest and Logistic Regression,RF + LR,0.12354982663889884,0.8400420958652706,0.089,0.503
Random Forest and Logistic Regression,RF + LR,0.12354982663889884,0.8400420958652706,0.09,0.506
Random Forest and Logistic Regression,RF + LR,0.12354982663889884,0.8400420958652706,0.09,0.508
Random Forest and Logistic Regression,RF + LR,0.12354982663889884,0.8400420958652706,0.093,0.526
Random Forest and Logistic Regression,RF + LR,0.12354982663889884,0.8400420958652706,0.093,0.53
Random Forest and Logistic Regression,RF + LR,0.12354982663889884,0.8400420958652706,0.093,0.531
Random Forest and Logistic Regression,RF + LR,0.12354982663889884,0.8400420958652706,0.094,0.531
Random Forest and Logistic Regression,RF + LR,0.12354982663889884,0.8400420958652706,0.094,0.537
Random Forest and Logistic Regression,RF + LR,0.12354982663889884,0.8400420958652706,0.095,0.537
Random Forest and Logistic Regression,RF + LR,0.12354982663889884,0.8400420958652706,0.095,0.537
Random Forest and Logistic Regression,RF + LR,0.12354982663889884,0.8400420958652706,0.097,0.544
Random Forest and Logistic Regression,RF + LR,0.12354982663889884,0.8400420958652706,0.097,0.544
Random Forest and Logistic Regression,RF + LR,0.12354982663889884,0.8400420958652706,0.097,0.547
Random Forest and Logistic Regression,RF + LR,0.12354982663889884,0.8400420958652706,0.098,0.547
Random Forest and Logistic Regression,RF + LR,0.12354982663889884,0.8400420958652706,0.099,0.551
Random Forest and Logistic Regression,RF + LR,0.12354982663889884,0.8400420958652706,0.099,0.551
Random Forest and Logistic Regression,RF + LR,0.12354982663889884,0.8400420958652706,0.099,0.553
Random Forest and Logistic Regression,RF + LR,0.12354982663889884,0.8400420958652706,0.1,0.553
Random Forest and Logistic Regression,RF + LR,0.12354982663889884,0.8400420958652706,0.1,0.555
Random Forest and Logistic Regression,RF + LR,0.12354982663889884,0.8400420958652706,0.1,0.555
Random Forest and Logistic Regression,RF + LR,0.12354982663889884,0.8400420958652706,0.102,0.558
Random Forest and Logistic Regression,RF + LR,0.12354982663889884,0.8400420958652706,0.103,0.562
Random Forest and Logistic Regression,RF + LR,0.12354982663889884,0.8400420958652706,0.104,0.578
Random Forest and Logistic Regression,RF + LR,0.12354982663889884,0.8400420958652706,0.104,0.578
Random Forest and Logistic Regression,RF + LR,0.12354982663889884,0.8400420958652706,0.104,0.578
Random Forest and Logistic Regression,RF + LR,0.12354982663889884,0.8400420958652706,0.104,0.578
Random Forest and Logistic Regression,RF + LR,0.12354982663889884,0.8400420958652706,0.106,0.581
Random Forest and Logistic Regression,RF + LR,0.12354982663889884,0.8400420958652706,0.109,0.589
Random Forest and Logistic Regression,RF + LR,0.12354982663889884,0.8400420958652706,0.11,0.589
Random Forest and Logistic Regression,RF + LR,0.12354982663889884,0.8400420958652706,0.111,0.59
Random Forest and Logistic Regression,RF + LR,0.12354982663889884,0.8400420958652706,0.111,0.592
Random Forest and Logistic Regression,RF + LR,0.12354982663889884,0.8400420958652706,0.111,0.592
Random Forest and Logistic Regression,RF + LR,0.12354982663889884,0.8400420958652706,0.111,0.596
Random Forest and Logistic Regression,RF + LR,0.12354982663889884,0.8400420958652706,0.112,0.601
Random Forest and Logistic Regression,RF + LR,0.12354982663889884,0.8400420958652706,0.112,0.603
Random Forest and Logistic Regression,RF + LR,0.12354982663889884,0.8400420958652706,0.113,0.61
Random Forest and Logistic Regression,RF + LR,0.12354982663889884,0.8400420958652706,0.113,0.612
Random Forest and Logistic Regression,RF + LR,0.12354982663889884,0.8400420958652706,0.116,0.615
Random Forest and Logistic Regression,RF + LR,0.12354982663889884,0.8400420958652706,0.123,0.628
Random Forest and Logistic Regression,RF + LR,0.12354982663889884,0.8400420958652706,0.124,0.63
Random Forest and Logistic Regression,RF + LR,0.12354982663889884,0.8400420958652706,0.124,0.63
Random Forest and Logistic Regression,RF + LR,0.12354982663889884,0.8400420958652706,0.125,0.63
Random Forest and Logistic Regression,RF + LR,0.12354982663889884,0.8400420958652706,0.126,0.633
Random Forest and Logistic Regression,RF + LR,0.12354982663889884,0.8400420958652706,0.126,0.637
Random Forest and Logistic Regression,RF + LR,0.12354982663889884,0.8400420958652706,0.126,0.639
Random Forest and Logistic Regression,RF + LR,0.12354982663889884,0.8400420958652706,0.126,0.639
Random Forest and Logistic Regression,RF + LR,0.12354982663889884,0.8400420958652706,0.126,0.64
Random Forest and Logistic Regression,RF + LR,0.12354982663889884,0.8400420958652706,0.127,0.64
Random Forest and Logistic Regression,RF + LR,0.12354982663889884,0.8400420958652706,0.127,0.644
Random Forest and Logistic Regression,RF + LR,0.12354982663889884,0.8400420958652706,0.128,0.646
Random Forest and Logistic Regression,RF + LR,0.12354982663889884,0.8400420958652706,0.128,0.646
Random Forest and Logistic Regression,RF + LR,0.12354982663889884,0.8400420958652706,0.128,0.648
Random Forest and Logistic Regression,RF + LR,0.12354982663889884,0.8400420958652706,0.128,0.649
Random Forest and Logistic Regression,RF + LR,0.12354982663889884,0.8400420958652706,0.128,0.649
Random Forest and Logistic Regression,RF + LR,0.12354982663889884,0.8400420958652706,0.128,0.649
Random Forest and Logistic Regression,RF + LR,0.12354982663889884,0.8400420958652706,0.129,0.651
Random Forest and Logistic Regression,RF + LR,0.12354982663889884,0.8400420958652706,0.131,0.655
Random Forest and Logistic Regression,RF + LR,0.12354982663889884,0.8400420958652706,0.131,0.655
Random Forest and Logistic Regression,RF + LR,0.12354982663889884,0.8400420958652706,0.132,0.657
Random Forest and Logistic Regression,RF + LR,0.12354982663889884,0.8400420958652706,0.132,0.658
Random Forest and Logistic Regression,RF + LR,0.12354982663889884,0.8400420958652706,0.132,0.658
Random Forest and Logistic Regression,RF + LR,0.12354982663889884,0.8400420958652706,0.132,0.66
Random Forest and Logistic Regression,RF + LR,0.12354982663889884,0.8400420958652706,0.134,0.66
Random Forest and Logistic Regression,RF + LR,0.12354982663889884,0.8400420958652706,0.139,0.669
Random Forest and Logistic Regression,RF + LR,0.12354982663889884,0.8400420958652706,0.139,0.671
Random Forest and Logistic Regression,RF + LR,0.12354982663889884,0.8400420958652706,0.143,0.682
Random Forest and Logistic Regression,RF + LR,0.12354982663889884,0.8400420958652706,0.157,0.708
Random Forest and Logistic Regression,RF + LR,0.12354982663889884,0.8400420958652706,0.157,0.708
Random Forest and Logistic Regression,RF + LR,0.12354982663889884,0.8400420958652706,0.158,0.708
Random Forest and Logistic Regression,RF + LR,0.12354982663889884,0.8400420958652706,0.159,0.714
Random Forest and Logistic Regression,RF + LR,0.12354982663889884,0.8400420958652706,0.159,0.714
Random Forest and Logistic Regression,RF + LR,0.12354982663889884,0.8400420958652706,0.161,0.714
Random Forest and Logistic Regression,RF + LR,0.12354982663889884,0.8400420958652706,0.161,0.714
Random Forest and Logistic Regression,RF + LR,0.12354982663889884,0.8400420958652706,0.164,0.717
Random Forest and Logistic Regression,RF + LR,0.12354982663889884,0.8400420958652706,0.164,0.717
Random Forest and Logistic Regression,RF + LR,0.12354982663889884,0.8400420958652706,0.164,0.719
Random Forest and Logistic Regression,RF + LR,0.12354982663889884,0.8400420958652706,0.164,0.719
Random Forest and Logistic Regression,RF + LR,0.12354982663889884,0.8400420958652706,0.165,0.721
Random Forest and Logistic Regression,RF + LR,0.12354982663889884,0.8400420958652706,0.233,0.76
Random Forest and Logistic Regression,RF + LR,0.12354982663889884,0.8400420958652706,0.236,0.771
Random Forest and Logistic Regression,RF + LR,0.12354982663889884,0.8400420958652706,0.236,0.771
Random Forest and Logistic Regression,RF + LR,0.12354982663889884,0.8400420958652706,0.24,0.776
Random Forest and Logistic Regression,RF + LR,0.12354982663889884,0.8400420958652706,0.244,0.791
Random Forest and Logistic Regression,RF + LR,0.12354982663889884,0.8400420958652706,0.257,0.818
Random Forest and Logistic Regression,RF + LR,0.12354982663889884,0.8400420958652706,0.258,0.818
Random Forest and Logistic Regression,RF + LR,0.12354982663889884,0.8400420958652706,0.259,0.818
Random Forest and Logistic Regression,RF + LR,0.12354982663889884,0.8400420958652706,0.26,0.818
Random Forest and Logistic Regression,RF + LR,0.12354982663889884,0.8400420958652706,0.265,0.825
Random Forest and Logistic Regression,RF + LR,0.12354982663889884,0.8400420958652706,0.268,0.825
Random Forest and Logistic Regression,RF + LR,0.12354982663889884,0.8400420958652706,0.283,0.837
Random Forest and Logistic Regression,RF + LR,0.12354982663889884,0.8400420958652706,0.283,0.837
Random Forest and Logistic Regression,RF + LR,0.12354982663889884,0.8400420958652706,0.283,0.837
Random Forest and Logistic Regression,RF + LR,0.12354982663889884,0.8400420958652706,0.284,0.841
Random Forest and Logistic Regression,RF + LR,0.12354982663889884,0.8400420958652706,0.284,0.841
Random Forest and Logistic Regression,RF + LR,0.12354982663889884,0.8400420958652706,0.286,0.841
Random Forest and Logistic Regression,RF + LR,0.12354982663889884,0.8400420958652706,0.286,0.841
Random Forest and Logistic Regression,RF + LR,0.12354982663889884,0.8400420958652706,0.289,0.843
Random Forest and Logistic Regression,RF + LR,0.12354982663889884,0.8400420958652706,0.29,0.844
Random Forest and Logistic Regression,RF + LR,0.12354982663889884,0.8400420958652706,0.291,0.844
Random Forest and Logistic Regression,RF + LR,0.12354982663889884,0.8400420958652706,0.292,0.844
Random Forest and Logistic Regression,RF + LR,0.12354982663889884,0.8400420958652706,0.293,0.846
Random Forest and Logistic Regression,RF + LR,0.12354982663889884,0.8400420958652706,0.293,0.846
Random Forest and Logistic Regression,RF + LR,0.12354982663889884,0.8400420958652706,0.297,0.848
Random Forest and Logistic Regression,RF + LR,0.12354982663889884,0.8400420958652706,0.3,0.852
Random Forest and Logistic Regression,RF + LR,0.12354982663889884,0.8400420958652706,0.312,0.859
Random Forest and Logistic Regression,RF + LR,0.12354982663889884,0.8400420958652706,0.314,0.859
Random Forest and Logistic Regression,RF + LR,0.12354982663889884,0.8400420958652706,0.315,0.859
Random Forest and Logistic Regression,RF + LR,0.12354982663889884,0.8400420958652706,0.315,0.859
Random Forest and Logistic Regression,RF + LR,0.12354982663889884,0.8400420958652706,0.316,0.859
Random Forest and Logistic Regression,RF + LR,0.12354982663889884,0.8400420958652706,0.337,0.868
Random Forest and Logistic Regression,RF + LR,0.12354982663889884,0.8400420958652706,0.338,0.868
Random Forest and Logistic Regression,RF + LR,0.12354982663889884,0.8400420958652706,0.359,0.877
Random Forest and Logistic Regression,RF + LR,0.12354982663889884,0.8400420958652706,0.359,0.878
Random Forest and Logistic Regression,RF + LR,0.12354982663889884,0.8400420958652706,0.36,0.878
Random Forest and Logistic Regression,RF + LR,0.12354982663889884,0.8400420958652706,0.36,0.878
Random Forest and Logistic Regression,RF + LR,0.12354982663889884,0.8400420958652706,0.36,0.878
Random Forest and Logistic Regression,RF + LR,0.12354982663889884,0.8400420958652706,0.361,0.878
Random Forest and Logistic Regression,RF + LR,0.12354982663889884,0.8400420958652706,0.361,0.878
Random Forest and Logistic Regression,RF + LR,0.12354982663889884,0.8400420958652706,0.427,0.896
Random Forest and Logistic Regression,RF + LR,0.12354982663889884,0.8400420958652706,0.427,0.896
Random Forest and Logistic Regression,RF + LR,0.12354982663889884,0.8400420958652706,0.428,0.898
Random Forest and Logistic Regression,RF + LR,0.12354982663889884,0.8400420958652706,0.428,0.898
Random Forest and Logistic Regression,RF + LR,0.12354982663889884,0.8400420958652706,0.429,0.898
Random Forest and Logistic Regression,RF + LR,0.12354982663889884,0.8400420958652706,0.43,0.898
Random Forest and Logistic Regression,RF + LR,0.12354982663889884,0.8400420958652706,0.43,0.898
Random Forest and Logistic Regression,RF + LR,0.12354982663889884,0.8400420958652706,0.431,0.898
Random Forest and Logistic Regression,RF + LR,0.12354982663889884,0.8400420958652706,0.473,0.907
Random Forest and Logistic Regression,RF + LR,0.12354982663889884,0.8400420958652706,0.473,0.907
Random Forest and Logistic Regression,RF + LR,0.12354982663889884,0.8400420958652706,0.496,0.911
Random Forest and Logistic Regression,RF + LR,0.12354982663889884,0.8400420958652706,0.651,0.945
Random Forest and Logistic Regression,RF + LR,0.12354982663889884,0.8400420958652706,0.653,0.945
Random Forest and Logistic Regression,RF + LR,0.12354982663889884,0.8400420958652706,0.653,0.945
Random Forest and Logistic Regression,RF + LR,0.12354982663889884,0.8400420958652706,0.671,0.955
Random Forest and Logistic Regression,RF + LR,0.12354982663889884,0.8400420958652706,0.679,0.957
Random Forest and Logistic Regression,RF + LR,0.12354982663889884,0.8400420958652706,0.68,0.961
Random Forest and Logistic Regression,RF + LR,0.12354982663889884,0.8400420958652706,0.693,0.961
Random Forest and Logistic Regression,RF + LR,0.12354982663889884,0.8400420958652706,0.718,0.962
Random Forest and Logistic Regression,RF + LR,0.12354982663889884,0.8400420958652706,0.72,0.962
Random Forest and Logistic Regression,RF + LR,0.12354982663889884,0.8400420958652706,0.72,0.962
Random Forest and Logistic Regression,RF + LR,0.12354982663889884,0.8400420958652706,0.726,0.966
Random Forest and Logistic Regression,RF + LR,0.12354982663889884,0.8400420958652706,0.731,0.968
Random Forest and Logistic Regression,RF + LR,0.12354982663889884,0.8400420958652706,0.731,0.968
Random Forest and Logistic Regression,RF + LR,0.12354982663889884,0.8400420958652706,0.751,0.973
Random Forest and Logistic Regression,RF + LR,0.12354982663889884,0.8400420958652706,0.758,0.977
Random Forest and Logistic Regression,RF + LR,0.12354982663889884,0.8400420958652706,0.797,0.979
Random Forest and Logistic Regression,RF + LR,0.12354982663889884,0.8400420958652706,0.824,0.986
Random Forest and Logistic Regression,RF + LR,0.12354982663889884,0.8400420958652706,0.961,0.995
Random Forest and Logistic Regression,RF + LR,0.12354982663889884,0.8400420958652706,0.972,0.996
Random Forest and Logistic Regression,RF + LR,0.12354982663889884,0.8400420958652706,0.973,0.996
Random Forest and Logistic Regression,RF + LR,0.12354982663889884,0.8400420958652706,0.98,0.996
Random Forest and Logistic Regression,RF + LR,0.12354982663889884,0.8400420958652706,0.982,0.996
Random Forest and Logistic Regression,RF + LR,0.12354982663889884,0.8400420958652706,0.983,0.996
Random Forest and Logistic Regression,RF + LR,0.12354982663889884,0.8400420958652706,0.984,0.996
Random Forest and Logistic Regression,RF + LR,0.12354982663889884,0.8400420958652706,0.99,0.996
Random Forest and Logistic Regression,RF + LR,0.12354982663889884,0.8400420958652706,0.995,0.998
Random Forest and Logistic Regression,RF + LR,0.12354982663889884,0.8400420958652706,1.0,1.0
Gradient Boosting Trees,GBT,0.12418597644495827,0.8705826413902322,0.0,0.0
Gradient Boosting Trees,GBT,0.12418597644495827,0.8705826413902322,0.0,0.002
Gradient Boosting Trees,GBT,0.12418597644495827,0.8705826413902322,0.001,0.023
Gradient Boosting Trees,GBT,0.12418597644495827,0.8705826413902322,0.001,0.023
Gradient Boosting Trees,GBT,0.12418597644495827,0.8705826413902322,0.001,0.025
Gradient Boosting Trees,GBT,0.12418597644495827,0.8705826413902322,0.001,0.029
Gradient Boosting Trees,GBT,0.12418597644495827,0.8705826413902322,0.001,0.029
Gradient Boosting Trees,GBT,0.12418597644495827,0.8705826413902322,0.002,0.03
Gradient Boosting Trees,GBT,0.12418597644495827,0.8705826413902322,0.002,0.034
Gradient Boosting Trees,GBT,0.12418597644495827,0.8705826413902322,0.002,0.034
Gradient Boosting Trees,GBT,0.12418597644495827,0.8705826413902322,0.002,0.034
Gradient Boosting Trees,GBT,0.12418597644495827,0.8705826413902322,0.002,0.039
Gradient Boosting Trees,GBT,0.12418597644495827,0.8705826413902322,0.002,0.039
Gradient Boosting Trees,GBT,0.12418597644495827,0.8705826413902322,0.003,0.039
Gradient Boosting Trees,GBT,0.12418597644495827,0.8705826413902322,0.003,0.05
Gradient Boosting Trees,GBT,0.12418597644495827,0.8705826413902322,0.004,0.07
Gradient Boosting Trees,GBT,0.12418597644495827,0.8705826413902322,0.005,0.082
Gradient Boosting Trees,GBT,0.12418597644495827,0.8705826413902322,0.005,0.082
Gradient Boosting Trees,GBT,0.12418597644495827,0.8705826413902322,0.007,0.093
Gradient Boosting Trees,GBT,0.12418597644495827,0.8705826413902322,0.008,0.107
Gradient Boosting Trees,GBT,0.12418597644495827,0.8705826413902322,0.009,0.127
Gradient Boosting Trees,GBT,0.12418597644495827,0.8705826413902322,0.009,0.127
Gradient Boosting Trees,GBT,0.12418597644495827,0.8705826413902322,0.009,0.131
Gradient Boosting Trees,GBT,0.12418597644495827,0.8705826413902322,0.009,0.138
Gradient Boosting Trees,GBT,0.12418597644495827,0.8705826413902322,0.01,0.138
Gradient Boosting Trees,GBT,0.12418597644495827,0.8705826413902322,0.01,0.138
Gradient Boosting Trees,GBT,0.12418597644495827,0.8705826413902322,0.012,0.156
Gradient Boosting Trees,GBT,0.12418597644495827,0.8705826413902322,0.012,0.156
Gradient Boosting Trees,GBT,0.12418597644495827,0.8705826413902322,0.013,0.157
Gradient Boosting Trees,GBT,0.12418597644495827,0.8705826413902322,0.016,0.193
Gradient Boosting Trees,GBT,0.12418597644495827,0.8705826413902322,0.016,0.193
Gradient Boosting Trees,GBT,0.12418597644495827,0.8705826413902322,0.016,0.197
Gradient Boosting Trees,GBT,0.12418597644495827,0.8705826413902322,0.017,0.2
Gradient Boosting Trees,GBT,0.12418597644495827,0.8705826413902322,0.017,0.2
Gradient Boosting Trees,GBT,0.12418597644495827,0.8705826413902322,0.024,0.245
Gradient Boosting Trees,GBT,0.12418597644495827,0.8705826413902322,0.024,0.245
Gradient Boosting Trees,GBT,0.12418597644495827,0.8705826413902322,0.025,0.247
Gradient Boosting Trees,GBT,0.12418597644495827,0.8705826413902322,0.026,0.25
Gradient Boosting Trees,GBT,0.12418597644495827,0.8705826413902322,0.026,0.25
Gradient Boosting Trees,GBT,0.12418597644495827,0.8705826413902322,0.026,0.254
Gradient Boosting Trees,GBT,0.12418597644495827,0.8705826413902322,0.026,0.256
Gradient Boosting Trees,GBT,0.12418597644495827,0.8705826413902322,0.026,0.258
Gradient Boosting Trees,GBT,0.12418597644495827,0.8705826413902322,0.027,0.258
Gradient Boosting Trees,GBT,0.12418597644495827,0.8705826413902322,0.028,0.261
Gradient Boosting Trees,GBT,0.12418597644495827,0.8705826413902322,0.028,0.268
Gradient Boosting Trees,GBT,0.12418597644495827,0.8705826413902322,0.029,0.268
Gradient Boosting Trees,GBT,0.12418597644495827,0.8705826413902322,0.029,0.27
Gradient Boosting Trees,GBT,0.12418597644495827,0.8705826413902322,0.029,0.27
Gradient Boosting Trees,GBT,0.12418597644495827,0.8705826413902322,0.029,0.274
Gradient Boosting Trees,GBT,0.12418597644495827,0.8705826413902322,0.029,0.274
Gradient Boosting Trees,GBT,0.12418597644495827,0.8705826413902322,0.03,0.274
Gradient Boosting Trees,GBT,0.12418597644495827,0.8705826413902322,0.03,0.275
Gradient Boosting Trees,GBT,0.12418597644495827,0.8705826413902322,0.03,0.275
Gradient Boosting Trees,GBT,0.12418597644495827,0.8705826413902322,0.03,0.277
Gradient Boosting Trees,GBT,0.12418597644495827,0.8705826413902322,0.031,0.284
Gradient Boosting Trees,GBT,0.12418597644495827,0.8705826413902322,0.031,0.284
Gradient Boosting Trees,GBT,0.12418597644495827,0.8705826413902322,0.031,0.286
Gradient Boosting Trees,GBT,0.12418597644495827,0.8705826413902322,0.034,0.295
Gradient Boosting Trees,GBT,0.12418597644495827,0.8705826413902322,0.035,0.302
Gradient Boosting Trees,GBT,0.12418597644495827,0.8705826413902322,0.035,0.302
Gradient Boosting Trees,GBT,0.12418597644495827,0.8705826413902322,0.035,0.302
Gradient Boosting Trees,GBT,0.12418597644495827,0.8705826413902322,0.035,0.304
Gradient Boosting Trees,GBT,0.12418597644495827,0.8705826413902322,0.038,0.32
Gradient Boosting Trees,GBT,0.12418597644495827,0.8705826413902322,0.038,0.322
Gradient Boosting Trees,GBT,0.12418597644495827,0.8705826413902322,0.038,0.322
Gradient Boosting Trees,GBT,0.12418597644495827,0.8705826413902322,0.041,0.338
Gradient Boosting Trees,GBT,0.12418597644495827,0.8705826413902322,0.041,0.342
Gradient Boosting Trees,GBT,0.12418597644495827,0.8705826413902322,0.042,0.343
Gradient Boosting Trees,GBT,0.12418597644495827,0.8705826413902322,0.043,0.351
Gradient Boosting Trees,GBT,0.12418597644495827,0.8705826413902322,0.043,0.352
Gradient Boosting Trees,GBT,0.12418597644495827,0.8705826413902322,0.047,0.376
Gradient Boosting Trees,GBT,0.12418597644495827,0.8705826413902322,0.048,0.381
Gradient Boosting Trees,GBT,0.12418597644495827,0.8705826413902322,0.049,0.385
Gradient Boosting Trees,GBT,0.12418597644495827,0.8705826413902322,0.049,0.385
Gradient Boosting Trees,GBT,0.12418597644495827,0.8705826413902322,0.053,0.411
Gradient Boosting Trees,GBT,0.12418597644495827,0.8705826413902322,0.054,0.426
Gradient Boosting Trees,GBT,0.12418597644495827,0.8705826413902322,0.055,0.426
Gradient Boosting Trees,GBT,0.12418597644495827,0.8705826413902322,0.055,0.428
Gradient Boosting Trees,GBT,0.12418597644495827,0.8705826413902322,0.062,0.453
Gradient Boosting Trees,GBT,0.12418597644495827,0.8705826413902322,0.064,0.458
Gradient Boosting Trees,GBT,0.12418597644495827,0.8705826413902322,0.064,0.458
Gradient Boosting Trees,GBT,0.12418597644495827,0.8705826413902322,0.064,0.458
Gradient Boosting Trees,GBT,0.12418597644495827,0.8705826413902322,0.065,0.46
Gradient Boosting Trees,GBT,0.12418597644495827,0.8705826413902322,0.065,0.465
Gradient Boosting Trees,GBT,0.12418597644495827,0.8705826413902322,0.065,0.467
Gradient Boosting Trees,GBT,0.12418597644495827,0.8705826413902322,0.068,0.476
Gradient Boosting Trees,GBT,0.12418597644495827,0.8705826413902322,0.068,0.476
Gradient Boosting Trees,GBT,0.12418597644495827,0.8705826413902322,0.069,0.478
Gradient Boosting Trees,GBT,0.12418597644495827,0.8705826413902322,0.069,0.478
Gradient Boosting Trees,GBT,0.12418597644495827,0.8705826413902322,0.072,0.49
Gradient Boosting Trees,GBT,0.12418597644495827,0.8705826413902322,0.077,0.515
Gradient Boosting Trees,GBT,0.12418597644495827,0.8705826413902322,0.08,0.521
Gradient Boosting Trees,GBT,0.12418597644495827,0.8705826413902322,0.082,0.526
Gradient Boosting Trees,GBT,0.12418597644495827,0.8705826413902322,0.082,0.526
Gradient Boosting Trees,GBT,0.12418597644495827,0.8705826413902322,0.087,0.544
Gradient Boosting Trees,GBT,0.12418597644495827,0.8705826413902322,0.108,0.605
Gradient Boosting Trees,GBT,0.12418597644495827,0.8705826413902322,0.109,0.608
Gradient Boosting Trees,GBT,0.12418597644495827,0.8705826413902322,0.128,0.653
Gradient Boosting Trees,GBT,0.12418597644495827,0.8705826413902322,0.129,0.655
Gradient Boosting Trees,GBT,0.12418597644495827,0.8705826413902322,0.13,0.655
Gradient Boosting Trees,GBT,0.12418597644495827,0.8705826413902322,0.131,0.657
Gradient Boosting Trees,GBT,0.12418597644495827,0.8705826413902322,0.132,0.664
Gradient Boosting Trees,GBT,0.12418597644495827,0.8705826413902322,0.135,0.667
Gradient Boosting Trees,GBT,0.12418597644495827,0.8705826413902322,0.136,0.669
Gradient Boosting Trees,GBT,0.12418597644495827,0.8705826413902322,0.138,0.673
Gradient Boosting Trees,GBT,0.12418597644495827,0.8705826413902322,0.138,0.673
Gradient Boosting Trees,GBT,0.12418597644495827,0.8705826413902322,0.139,0.68
Gradient Boosting Trees,GBT,0.12418597644495827,0.8705826413902322,0.14,0.68
Gradient Boosting Trees,GBT,0.12418597644495827,0.8705826413902322,0.165,0.732
Gradient Boosting Trees,GBT,0.12418597644495827,0.8705826413902322,0.167,0.733
Gradient Boosting Trees,GBT,0.12418597644495827,0.8705826413902322,0.174,0.748
Gradient Boosting Trees,GBT,0.12418597644495827,0.8705826413902322,0.174,0.748
Gradient Boosting Trees,GBT,0.12418597644495827,0.8705826413902322,0.174,0.748
Gradient Boosting Trees,GBT,0.12418597644495827,0.8705826413902322,0.182,0.764
Gradient Boosting Trees,GBT,0.12418597644495827,0.8705826413902322,0.19,0.784
Gradient Boosting Trees,GBT,0.12418597644495827,0.8705826413902322,0.191,0.784
Gradient Boosting Trees,GBT,0.12418597644495827,0.8705826413902322,0.192,0.784
Gradient Boosting Trees,GBT,0.12418597644495827,0.8705826413902322,0.195,0.784
Gradient Boosting Trees,GBT,0.12418597644495827,0.8705826413902322,0.199,0.792
Gradient Boosting Trees,GBT,0.12418597644495827,0.8705826413902322,0.201,0.796
Gradient Boosting Trees,GBT,0.12418597644495827,0.8705826413902322,0.201,0.796
Gradient Boosting Trees,GBT,0.12418597644495827,0.8705826413902322,0.202,0.796
Gradient Boosting Trees,GBT,0.12418597644495827,0.8705826413902322,0.203,0.798
Gradient Boosting Trees,GBT,0.12418597644495827,0.8705826413902322,0.211,0.809
Gradient Boosting Trees,GBT,0.12418597644495827,0.8705826413902322,0.211,0.809
Gradient Boosting Trees,GBT,0.12418597644495827,0.8705826413902322,0.215,0.812
Gradient Boosting Trees,GBT,0.12418597644495827,0.8705826413902322,0.219,0.819
Gradient Boosting Trees,GBT,0.12418597644495827,0.8705826413902322,0.222,0.823
Gradient Boosting Trees,GBT,0.12418597644495827,0.8705826413902322,0.223,0.826
Gradient Boosting Trees,GBT,0.12418597644495827,0.8705826413902322,0.303,0.894
Gradient Boosting Trees,GBT,0.12418597644495827,0.8705826413902322,0.307,0.898
Gradient Boosting Trees,GBT,0.12418597644495827,0.8705826413902322,0.31,0.903
Gradient Boosting Trees,GBT,0.12418597644495827,0.8705826413902322,0.463,0.948
Gradient Boosting Trees,GBT,0.12418597644495827,0.8705826413902322,0.539,0.973
Gradient Boosting Trees,GBT,0.12418597644495827,0.8705826413902322,0.589,0.977
Gradient Boosting Trees,GBT,0.12418597644495827,0.8705826413902322,0.739,0.987
Gradient Boosting Trees,GBT,0.12418597644495827,0.8705826413902322,0.785,0.993
Gradient Boosting Trees,GBT,0.12418597644495827,0.8705826413902322,0.892,0.996
Gradient Boosting Trees,GBT,0.12418597644495827,0.8705826413902322,1.0,1.0
Gradient Boosting Trees and Logistic Regression,GBT + LR,0.12025812950536449,0.8653353175419457,0.0,0.0
Gradient Boosting Trees and Logistic Regression,GBT + LR,0.12025812950536449,0.8653353175419457,0.0,0.0
Gradient Boosting Trees and Logistic Regression,GBT + LR,0.12025812950536449,0.8653353175419457,0.0,0.007
Gradient Boosting Trees and Logistic Regression,GBT + LR,0.12025812950536449,0.8653353175419457,0.003,0.043
Gradient Boosting Trees and Logistic Regression,GBT + LR,0.12025812950536449,0.8653353175419457,0.004,0.047
Gradient Boosting Trees and Logistic Regression,GBT + LR,0.12025812950536449,0.8653353175419457,0.004,0.047
Gradient Boosting Trees and Logistic Regression,GBT + LR,0.12025812950536449,0.8653353175419457,0.005,0.047
Gradient Boosting Trees and Logistic Regression,GBT + LR,0.12025812950536449,0.8653353175419457,0.005,0.048
Gradient Boosting Trees and Logistic Regression,GBT + LR,0.12025812950536449,0.8653353175419457,0.006,0.061
Gradient Boosting Trees and Logistic Regression,GBT + LR,0.12025812950536449,0.8653353175419457,0.006,0.061
Gradient Boosting Trees and Logistic Regression,GBT + LR,0.12025812950536449,0.8653353175419457,0.007,0.063
Gradient Boosting Trees and Logistic Regression,GBT + LR,0.12025812950536449,0.8653353175419457,0.007,0.073
Gradient Boosting Trees and Logistic Regression,GBT + LR,0.12025812950536449,0.8653353175419457,0.008,0.073
Gradient Boosting Trees and Logistic Regression,GBT + LR,0.12025812950536449,0.8653353175419457,0.008,0.095
Gradient Boosting Trees and Logistic Regression,GBT + LR,0.12025812950536449,0.8653353175419457,0.01,0.113
Gradient Boosting Trees and Logistic Regression,GBT + LR,0.12025812950536449,0.8653353175419457,0.011,0.116
Gradient Boosting Trees and Logistic Regression,GBT + LR,0.12025812950536449,0.8653353175419457,0.011,0.116
Gradient Boosting Trees and Logistic Regression,GBT + LR,0.12025812950536449,0.8653353175419457,0.012,0.118
Gradient Boosting Trees and Logistic Regression,GBT + LR,0.12025812950536449,0.8653353175419457,0.016,0.141
Gradient Boosting Trees and Logistic Regression,GBT + LR,0.12025812950536449,0.8653353175419457,0.017,0.156
Gradient Boosting Trees and Logistic Regression,GBT + LR,0.12025812950536449,0.8653353175419457,0.017,0.156
Gradient Boosting Trees and Logistic Regression,GBT + LR,0.12025812950536449,0.8653353175419457,0.018,0.175
Gradient Boosting Trees and Logistic Regression,GBT + LR,0.12025812950536449,0.8653353175419457,0.019,0.175
Gradient Boosting Trees and Logistic Regression,GBT + LR,0.12025812950536449,0.8653353175419457,0.019,0.177
Gradient Boosting Trees and Logistic Regression,GBT + LR,0.12025812950536449,0.8653353175419457,0.023,0.204
Gradient Boosting Trees and Logistic Regression,GBT + LR,0.12025812950536449,0.8653353175419457,0.023,0.208
Gradient Boosting Trees and Logistic Regression,GBT + LR,0.12025812950536449,0.8653353175419457,0.023,0.208
Gradient Boosting Trees and Logistic Regression,GBT + LR,0.12025812950536449,0.8653353175419457,0.023,0.209
Gradient Boosting Trees and Logistic Regression,GBT + LR,0.12025812950536449,0.8653353175419457,0.023,0.209
Gradient Boosting Trees and Logistic Regression,GBT + LR,0.12025812950536449,0.8653353175419457,0.025,0.215
Gradient Boosting Trees and Logistic Regression,GBT + LR,0.12025812950536449,0.8653353175419457,0.025,0.215
Gradient Boosting Trees and Logistic Regression,GBT + LR,0.12025812950536449,0.8653353175419457,0.026,0.216
Gradient Boosting Trees and Logistic Regression,GBT + LR,0.12025812950536449,0.8653353175419457,0.026,0.218
Gradient Boosting Trees and Logistic Regression,GBT + LR,0.12025812950536449,0.8653353175419457,0.027,0.233
Gradient Boosting Trees and Logistic Regression,GBT + LR,0.12025812950536449,0.8653353175419457,0.027,0.24
Gradient Boosting Trees and Logistic Regression,GBT + LR,0.12025812950536449,0.8653353175419457,0.027,0.24
Gradient Boosting Trees and Logistic Regression,GBT + LR,0.12025812950536449,0.8653353175419457,0.034,0.284
Gradient Boosting Trees and Logistic Regression,GBT + LR,0.12025812950536449,0.8653353175419457,0.035,0.286
Gradient Boosting Trees and Logistic Regression,GBT + LR,0.12025812950536449,0.8653353175419457,0.035,0.29
Gradient Boosting Trees and Logistic Regression,GBT + LR,0.12025812950536449,0.8653353175419457,0.035,0.29
Gradient Boosting Trees and Logistic Regression,GBT + LR,0.12025812950536449,0.8653353175419457,0.036,0.297
Gradient Boosting Trees and Logistic Regression,GBT + LR,0.12025812950536449,0.8653353175419457,0.036,0.299
Gradient Boosting Trees and Logistic Regression,GBT + LR,0.12025812950536449,0.8653353175419457,0.036,0.299
Gradient Boosting Trees and Logistic Regression,GBT + LR,0.12025812950536449,0.8653353175419457,0.037,0.302
Gradient Boosting Trees and Logistic Regression,GBT + LR,0.12025812950536449,0.8653353175419457,0.037,0.302
Gradient Boosting Trees and Logistic Regression,GBT + LR,0.12025812950536449,0.8653353175419457,0.037,0.302
Gradient Boosting Trees and Logistic Regression,GBT + LR,0.12025812950536449,0.8653353175419457,0.037,0.304
Gradient Boosting Trees and Logistic Regression,GBT + LR,0.12025812950536449,0.8653353175419457,0.038,0.311
Gradient Boosting Trees and Logistic Regression,GBT + LR,0.12025812950536449,0.8653353175419457,0.038,0.311
Gradient Boosting Trees and Logistic Regression,GBT + LR,0.12025812950536449,0.8653353175419457,0.038,0.317
Gradient Boosting Trees and Logistic Regression,GBT + LR,0.12025812950536449,0.8653353175419457,0.038,0.32
Gradient Boosting Trees and Logistic Regression,GBT + LR,0.12025812950536449,0.8653353175419457,0.041,0.336
Gradient Boosting Trees and Logistic Regression,GBT + LR,0.12025812950536449,0.8653353175419457,0.041,0.336
Gradient Boosting Trees and Logistic Regression,GBT + LR,0.12025812950536449,0.8653353175419457,0.041,0.338
Gradient Boosting Trees and Logistic Regression,GBT + LR,0.12025812950536449,0.8653353175419457,0.042,0.34
Gradient Boosting Trees and Logistic Regression,GBT + LR,0.12025812950536449,0.8653353175419457,0.042,0.34
Gradient Boosting Trees and Logistic Regression,GBT + LR,0.12025812950536449,0.8653353175419457,0.042,0.342
Gradient Boosting Trees and Logistic Regression,GBT + LR,0.12025812950536449,0.8653353175419457,0.042,0.343
Gradient Boosting Trees and Logistic Regression,GBT + LR,0.12025812950536449,0.8653353175419457,0.043,0.347
Gradient Boosting Trees and Logistic Regression,GBT + LR,0.12025812950536449,0.8653353175419457,0.044,0.358
Gradient Boosting Trees and Logistic Regression,GBT + LR,0.12025812950536449,0.8653353175419457,0.044,0.358
Gradient Boosting Trees and Logistic Regression,GBT + LR,0.12025812950536449,0.8653353175419457,0.044,0.358
Gradient Boosting Trees and Logistic Regression,GBT + LR,0.12025812950536449,0.8653353175419457,0.065,0.419
Gradient Boosting Trees and Logistic Regression,GBT + LR,0.12025812950536449,0.8653353175419457,0.065,0.42
Gradient Boosting Trees and Logistic Regression,GBT + LR,0.12025812950536449,0.8653353175419457,0.065,0.422
Gradient Boosting Trees and Logistic Regression,GBT + LR,0.12025812950536449,0.8653353175419457,0.065,0.422
Gradient Boosting Trees and Logistic Regression,GBT + LR,0.12025812950536449,0.8653353175419457,0.066,0.424
Gradient Boosting Trees and Logistic Regression,GBT + LR,0.12025812950536449,0.8653353175419457,0.066,0.424
Gradient Boosting Trees and Logistic Regression,GBT + LR,0.12025812950536449,0.8653353175419457,0.066,0.426
Gradient Boosting Trees and Logistic Regression,GBT + LR,0.12025812950536449,0.8653353175419457,0.067,0.445
Gradient Boosting Trees and Logistic Regression,GBT + LR,0.12025812950536449,0.8653353175419457,0.067,0.445
Gradient Boosting Trees and Logistic Regression,GBT + LR,0.12025812950536449,0.8653353175419457,0.067,0.445
Gradient Boosting Trees and Logistic Regression,GBT + LR,0.12025812950536449,0.8653353175419457,0.074,0.47
Gradient Boosting Trees and Logistic Regression,GBT + LR,0.12025812950536449,0.8653353175419457,0.074,0.47
Gradient Boosting Trees and Logistic Regression,GBT + LR,0.12025812950536449,0.8653353175419457,0.077,0.476
Gradient Boosting Trees and Logistic Regression,GBT + LR,0.12025812950536449,0.8653353175419457,0.077,0.478
Gradient Boosting Trees and Logistic Regression,GBT + LR,0.12025812950536449,0.8653353175419457,0.079,0.481
Gradient Boosting Trees and Logistic Regression,GBT + LR,0.12025812950536449,0.8653353175419457,0.079,0.483
Gradient Boosting Trees and Logistic Regression,GBT + LR,0.12025812950536449,0.8653353175419457,0.079,0.483
Gradient Boosting Trees and Logistic Regression,GBT + LR,0.12025812950536449,0.8653353175419457,0.08,0.483
Gradient Boosting Trees and Logistic Regression,GBT + LR,0.12025812950536449,0.8653353175419457,0.08,0.487
Gradient Boosting Trees and Logistic Regression,GBT + LR,0.12025812950536449,0.8653353175419457,0.081,0.494
Gradient Boosting Trees and Logistic Regression,GBT + LR,0.12025812950536449,0.8653353175419457,0.084,0.503
Gradient Boosting Trees and Logistic Regression,GBT + LR,0.12025812950536449,0.8653353175419457,0.085,0.503
Gradient Boosting Trees and Logistic Regression,GBT + LR,0.12025812950536449,0.8653353175419457,0.085,0.503
Gradient Boosting Trees and Logistic Regression,GBT + LR,0.12025812950536449,0.8653353175419457,0.085,0.503
Gradient Boosting Trees and Logistic Regression,GBT + LR,0.12025812950536449,0.8653353175419457,0.087,0.519
Gradient Boosting Trees and Logistic Regression,GBT + LR,0.12025812950536449,0.8653353175419457,0.106,0.564
Gradient Boosting Trees and Logistic Regression,GBT + LR,0.12025812950536449,0.8653353175419457,0.107,0.567
Gradient Boosting Trees and Logistic Regression,GBT + LR,0.12025812950536449,0.8653353175419457,0.112,0.592
Gradient Boosting Trees and Logistic Regression,GBT + LR,0.12025812950536449,0.8653353175419457,0.113,0.596
Gradient Boosting Trees and Logistic Regression,GBT + LR,0.12025812950536449,0.8653353175419457,0.121,0.612
Gradient Boosting Trees and Logistic Regression,GBT + LR,0.12025812950536449,0.8653353175419457,0.123,0.621
Gradient Boosting Trees and Logistic Regression,GBT + LR,0.12025812950536449,0.8653353175419457,0.125,0.624
Gradient Boosting Trees and Logistic Regression,GBT + LR,0.12025812950536449,0.8653353175419457,0.127,0.626
Gradient Boosting Trees and Logistic Regression,GBT + LR,0.12025812950536449,0.8653353175419457,0.129,0.639
Gradient Boosting Trees and Logistic Regression,GBT + LR,0.12025812950536449,0.8653353175419457,0.134,0.648
Gradient Boosting Trees and Logistic Regression,GBT + LR,0.12025812950536449,0.8653353175419457,0.14,0.662
Gradient Boosting Trees and Logistic Regression,GBT + LR,0.12025812950536449,0.8653353175419457,0.141,0.667
Gradient Boosting Trees and Logistic Regression,GBT + LR,0.12025812950536449,0.8653353175419457,0.143,0.667
Gradient Boosting Trees and Logistic Regression,GBT + LR,0.12025812950536449,0.8653353175419457,0.143,0.667
Gradient Boosting Trees and Logistic Regression,GBT + LR,0.12025812950536449,0.8653353175419457,0.143,0.667
Gradient Boosting Trees and Logistic Regression,GBT + LR,0.12025812950536449,0.8653353175419457,0.145,0.671
Gradient Boosting Trees and Logistic Regression,GBT + LR,0.12025812950536449,0.8653353175419457,0.146,0.671
Gradient Boosting Trees and Logistic Regression,GBT + LR,0.12025812950536449,0.8653353175419457,0.147,0.678
Gradient Boosting Trees and Logistic Regression,GBT + LR,0.12025812950536449,0.8653353175419457,0.147,0.678
Gradient Boosting Trees and Logistic Regression,GBT + LR,0.12025812950536449,0.8653353175419457,0.147,0.685
Gradient Boosting Trees and Logistic Regression,GBT + LR,0.12025812950536449,0.8653353175419457,0.148,0.687
Gradient Boosting Trees and Logistic Regression,GBT + LR,0.12025812950536449,0.8653353175419457,0.15,0.689
Gradient Boosting Trees and Logistic Regression,GBT + LR,0.12025812950536449,0.8653353175419457,0.152,0.689
Gradient Boosting Trees and Logistic Regression,GBT + LR,0.12025812950536449,0.8653353175419457,0.153,0.689
Gradient Boosting Trees and Logistic Regression,GBT + LR,0.12025812950536449,0.8653353175419457,0.153,0.689
Gradient Boosting Trees and Logistic Regression,GBT + LR,0.12025812950536449,0.8653353175419457,0.158,0.707
Gradient Boosting Trees and Logistic Regression,GBT + LR,0.12025812950536449,0.8653353175419457,0.158,0.707
Gradient Boosting Trees and Logistic Regression,GBT + LR,0.12025812950536449,0.8653353175419457,0.16,0.71
Gradient Boosting Trees and Logistic Regression,GBT + LR,0.12025812950536449,0.8653353175419457,0.164,0.716
Gradient Boosting Trees and Logistic Regression,GBT + LR,0.12025812950536449,0.8653353175419457,0.165,0.717
Gradient Boosting Trees and Logistic Regression,GBT + LR,0.12025812950536449,0.8653353175419457,0.165,0.717
Gradient Boosting Trees and Logistic Regression,GBT + LR,0.12025812950536449,0.8653353175419457,0.165,0.717
Gradient Boosting Trees and Logistic Regression,GBT + LR,0.12025812950536449,0.8653353175419457,0.166,0.719
Gradient Boosting Trees and Logistic Regression,GBT + LR,0.12025812950536449,0.8653353175419457,0.167,0.725
Gradient Boosting Trees and Logistic Regression,GBT + LR,0.12025812950536449,0.8653353175419457,0.17,0.732
Gradient Boosting Trees and Logistic Regression,GBT + LR,0.12025812950536449,0.8653353175419457,0.171,0.732
Gradient Boosting Trees and Logistic Regression,GBT + LR,0.12025812950536449,0.8653353175419457,0.197,0.784
Gradient Boosting Trees and Logistic Regression,GBT + LR,0.12025812950536449,0.8653353175419457,0.197,0.784
Gradient Boosting Trees and Logistic Regression,GBT + LR,0.12025812950536449,0.8653353175419457,0.198,0.787
Gradient Boosting Trees and Logistic Regression,GBT + LR,0.12025812950536449,0.8653353175419457,0.206,0.807
Gradient Boosting Trees and Logistic Regression,GBT + LR,0.12025812950536449,0.8653353175419457,0.209,0.81
Gradient Boosting Trees and Logistic Regression,GBT + LR,0.12025812950536449,0.8653353175419457,0.289,0.878
Gradient Boosting Trees and Logistic Regression,GBT + LR,0.12025812950536449,0.8653353175419457,0.29,0.88
Gradient Boosting Trees and Logistic Regression,GBT + LR,0.12025812950536449,0.8653353175419457,0.291,0.88
Gradient Boosting Trees and Logistic Regression,GBT + LR,0.12025812950536449,0.8653353175419457,0.295,0.884
Gradient Boosting Trees and Logistic Regression,GBT + LR,0.12025812950536449,0.8653353175419457,0.296,0.884
Gradient Boosting Trees and Logistic Regression,GBT + LR,0.12025812950536449,0.8653353175419457,0.296,0.884
Gradient Boosting Trees and Logistic Regression,GBT + LR,0.12025812950536449,0.8653353175419457,0.299,0.889
Gradient Boosting Trees and Logistic Regression,GBT + LR,0.12025812950536449,0.8653353175419457,0.306,0.9
Gradient Boosting Trees and Logistic Regression,GBT + LR,0.12025812950536449,0.8653353175419457,0.383,0.925
Gradient Boosting Trees and Logistic Regression,GBT + LR,0.12025812950536449,0.8653353175419457,0.383,0.925
Gradient Boosting Trees and Logistic Regression,GBT + LR,0.12025812950536449,0.8653353175419457,0.535,0.97
Gradient Boosting Trees and Logistic Regression,GBT + LR,0.12025812950536449,0.8653353175419457,0.685,0.98
Gradient Boosting Trees and Logistic Regression,GBT + LR,0.12025812950536449,0.8653353175419457,0.689,0.984
Gradient Boosting Trees and Logistic Regression,GBT + LR,0.12025812950536449,0.8653353175419457,0.739,0.987
Gradient Boosting Trees and Logistic Regression,GBT + LR,0.12025812950536449,0.8653353175419457,0.785,0.993
Gradient Boosting Trees and Logistic Regression,GBT + LR,0.12025812950536449,0.8653353175419457,0.892,0.996
Gradient Boosting Trees and Logistic Regression,GBT + LR,0.12025812950536449,0.8653353175419457,1.0,1.0
Random,Random,0.3010299956639812,0.5,0.0,0.0
Random,Random,0.3010299956639812,0.5,0.01,0.01
Random,Random,0.3010299956639812,0.5,0.02,0.02
Random,Random,0.3010299956639812,0.5,0.03,0.03
Random,Random,0.3010299956639812,0.5,0.04,0.04
Random,Random,0.3010299956639812,0.5,0.051,0.051
Random,Random,0.3010299956639812,0.5,0.061,0.061
Random,Random,0.3010299956639812,0.5,0.071,0.071
Random,Random,0.3010299956639812,0.5,0.081,0.081
Random,Random,0.3010299956639812,0.5,0.091,0.091
Random,Random,0.3010299956639812,0.5,0.101,0.101
Random,Random,0.3010299956639812,0.5,0.111,0.111
Random,Random,0.3010299956639812,0.5,0.121,0.121
Random,Random,0.3010299956639812,0.5,0.131,0.131
Random,Random,0.3010299956639812,0.5,0.141,0.141
Random,Random,0.3010299956639812,0.5,0.152,0.152
Random,Random,0.3010299956639812,0.5,0.162,0.162
Random,Random,0.3010299956639812,0.5,0.172,0.172
Random,Random,0.3010299956639812,0.5,0.182,0.182
Random,Random,0.3010299956639812,0.5,0.192,0.192
Random,Random,0.3010299956639812,0.5,0.202,0.202
Random,Random,0.3010299956639812,0.5,0.212,0.212
Random,Random,0.3010299956639812,0.5,0.222,0.222
Random,Random,0.3010299956639812,0.5,0.232,0.232
Random,Random,0.3010299956639812,0.5,0.242,0.242
Random,Random,0.3010299956639812,0.5,0.253,0.253
Random,Random,0.3010299956639812,0.5,0.263,0.263
Random,Random,0.3010299956639812,0.5,0.273,0.273
Random,Random,0.3010299956639812,0.5,0.283,0.283
Random,Random,0.3010299956639812,0.5,0.293,0.293
Random,Random,0.3010299956639812,0.5,0.303,0.303
Random,Random,0.3010299956639812,0.5,0.313,0.313
Random,Random,0.3010299956639812,0.5,0.323,0.323
Random,Random,0.3010299956639812,0.5,0.333,0.333
Random,Random,0.3010299956639812,0.5,0.343,0.343
Random,Random,0.3010299956639812,0.5,0.354,0.354
Random,Random,0.3010299956639812,0.5,0.364,0.364
Random,Random,0.3010299956639812,0.5,0.374,0.374
Random,Random,0.3010299956639812,0.5,0.384,0.384
Random,Random,0.3010299956639812,0.5,0.394,0.394
Random,Random,0.3010299956639812,0.5,0.404,0.404
Random,Random,0.3010299956639812,0.5,0.414,0.414
Random,Random,0.3010299956639812,0.5,0.424,0.424
Random,Random,0.3010299956639812,0.5,0.434,0.434
Random,Random,0.3010299956639812,0.5,0.444,0.444
Random,Random,0.3010299956639812,0.5,0.455,0.455
Random,Random,0.3010299956639812,0.5,0.465,0.465
Random,Random,0.3010299956639812,0.5,0.475,0.475
Random,Random,0.3010299956639812,0.5,0.485,0.485
Random,Random,0.3010299956639812,0.5,0.495,0.495
Random,Random,0.3010299956639812,0.5,0.505,0.505
Random,Random,0.3010299956639812,0.5,0.515,0.515
Random,Random,0.3010299956639812,0.5,0.525,0.525
Random,Random,0.3010299956639812,0.5,0.535,0.535
Random,Random,0.3010299956639812,0.5,0.545,0.545
Random,Random,0.3010299956639812,0.5,0.556,0.556
Random,Random,0.3010299956639812,0.5,0.566,0.566
Random,Random,0.3010299956639812,0.5,0.576,0.576
Random,Random,0.3010299956639812,0.5,0.586,0.586
Random,Random,0.3010299956639812,0.5,0.596,0.596
Random,Random,0.3010299956639812,0.5,0.606,0.606
Random,Random,0.3010299956639812,0.5,0.616,0.616
Random,Random,0.3010299956639812,0.5,0.626,0.626
Random,Random,0.3010299956639812,0.5,0.636,0.636
Random,Random,0.3010299956639812,0.5,0.646,0.646
Random,Random,0.3010299956639812,0.5,0.657,0.657
Random,Random,0.3010299956639812,0.5,0.667,0.667
Random,Random,0.3010299956639812,0.5,0.677,0.677
Random,Random,0.3010299956639812,0.5,0.687,0.687
Random,Random,0.3010299956639812,0.5,0.697,0.697
Random,Random,0.3010299956639812,0.5,0.707,0.707
Random,Random,0.3010299956639812,0.5,0.717,0.717
Random,Random,0.3010299956639812,0.5,0.727,0.727
Random,Random,0.3010299956639812,0.5,0.737,0.737
Random,Random,0.3010299956639812,0.5,0.747,0.747
Random,Random,0.3010299956639812,0.5,0.758,0.758
Random,Random,0.3010299956639812,0.5,0.768,0.768
Random,Random,0.3010299956639812,0.5,0.778,0.778
Random,Random,0.3010299956639812,0.5,0.788,0.788
Random,Random,0.3010299956639812,0.5,0.798,0.798
Random,Random,0.3010299956639812,0.5,0.808,0.808
Random,Random,0.3010299956639812,0.5,0.818,0.818
Random,Random,0.3010299956639812,0.5,0.828,0.828
Random,Random,0.3010299956639812,0.5,0.838,0.838
Random,Random,0.3010299956639812,0.5,0.848,0.848
Random,Random,0.3010299956639812,0.5,0.859,0.859
Random,Random,0.3010299956639812,0.5,0.869,0.869
Random,Random,0.3010299956639812,0.5,0.879,0.879
Random,Random,0.3010299956639812,0.5,0.889,0.889
Random,Random,0.3010299956639812,0.5,0.899,0.899
Random,Random,0.3010299956639812,0.5,0.909,0.909
Random,Random,0.3010299956639812,0.5,0.919,0.919
Random,Random,0.3010299956639812,0.5,0.929,0.929
Random,Random,0.3010299956639812,0.5,0.939,0.939
Random,Random,0.3010299956639812,0.5,0.949,0.949
Random,Random,0.3010299956639812,0.5,0.96,0.96
Random,Random,0.3010299956639812,0.5,0.97,0.97
Random,Random,0.3010299956639812,0.5,0.98,0.98
Random,Random,0.3010299956639812,0.5,0.99,0.99
Random,Random,0.3010299956639812,0.5,1.0,1.0
